id;name;price;category;description;url
565ce0a752fa;Замена дисплея iPhone 17 Pro Max — 100% Original, без ошибки;33000;Ремонт iPhone;Оригинальный модуль Apple. Снятый с нового аппарата оригинальный дисплей. Цветопередача, яркость, запас по солнцу, True Tone и тактильность — как с завода. Дороже всех, но и разницы с новым телефоном не чувствуется. Гарантия 100 дней.;https://1iron.ru/uslugi.html
b96a27a8bb99;Замена дисплея iPhone 17 Pro — 100% Original, без ошибки;30700;Ремонт iPhone;Оригинальный модуль Apple. Снятый с нового аппарата оригинальный дисплей. Цветопередача, яркость, запас по солнцу, True Tone и тактильность — как с завода. Дороже всех, но и разницы с новым телефоном не чувствуется. Гарантия 100 дней.;https://1iron.ru/uslugi.html
16248f3224ac;Замена дисплея iPhone 17 — 100% Original, без ошибки;25200;Ремонт iPhone;Оригинальный модуль Apple. Снятый с нового аппарата оригинальный дисплей. Цветопередача, яркость, запас по солнцу, True Tone и тактильность — как с завода. Дороже всех, но и разницы с новым телефоном не чувствуется. Гарантия 100 дней.;https://1iron.ru/uslugi.html
51affd13cf0f;Замена дисплея iPhone 16 Pro Max — 100% Original, без ошибки;30000;Ремонт iPhone;Оригинальный модуль Apple. Снятый с нового аппарата оригинальный дисплей. Цветопередача, яркость, запас по солнцу, True Tone и тактильность — как с завода. Дороже всех, но и разницы с новым телефоном не чувствуется. Гарантия 100 дней.;https://1iron.ru/uslugi.html
2ee8b2a3be01;Замена дисплея iPhone 16 Pro — 100% Original, без ошики;24300;Ремонт iPhone;Оригинальный модуль Apple. Снятый с нового аппарата оригинальный дисплей. Цветопередача, яркость, запас по солнцу, True Tone и тактильность — как с завода. Дороже всех, но и разницы с новым телефоном не чувствуется. Гарантия 100 дней.;https://1iron.ru/uslugi.html
462347912128;Замена дисплея iPhone 16 — 100% Original, без ошибки;19000;Ремонт iPhone;Оригинальный модуль Apple. Снятый с нового аппарата оригинальный дисплей. Цветопередача, яркость, запас по солнцу, True Tone и тактильность — как с завода. Дороже всех, но и разницы с новым телефоном не чувствуется. Гарантия 100 дней.;https://1iron.ru/uslugi.html
6ede14cf09bf;Замена дисплея iPhone 15 Pro Max — 100% Original, без ошибки;23800;Ремонт iPhone;Оригинальный модуль Apple. Снятый с нового аппарата оригинальный дисплей. Цветопередача, яркость, запас по солнцу, True Tone и тактильность — как с завода. Дороже всех, но и разницы с новым телефоном не чувствуется. Гарантия 100 дней.;https://1iron.ru/uslugi.html
437ec0e5817c;Замена дисплея iPhone 15 Pro — 100% Original, без ошибки;21500;Ремонт iPhone;Оригинальный модуль Apple. Снятый с нового аппарата оригинальный дисплей. Цветопередача, яркость, запас по солнцу, True Tone и тактильность — как с завода. Дороже всех, но и разницы с новым телефоном не чувствуется. Гарантия 100 дней.;https://1iron.ru/uslugi.html
9f1027957a2a;Замена дисплея iPhone 15 — 100% Original, без ошибки;15600;Ремонт iPhone;Оригинальный модуль Apple. Снятый с нового аппарата оригинальный дисплей. Цветопередача, яркость, запас по солнцу, True Tone и тактильность — как с завода. Дороже всех, но и разницы с новым телефоном не чувствуется. Гарантия 100 дней.;https://1iron.ru/uslugi.html
1bcc7019ae60;Замена дисплея iPhone 14 Pro Max — 100% Original, без ошибки;22500;Ремонт iPhone;Оригинальный модуль Apple. Снятый с нового аппарата оригинальный дисплей. Цветопередача, яркость, запас по солнцу, True Tone и тактильность — как с завода. Дороже всех, но и разницы с новым телефоном не чувствуется. Гарантия 100 дней.;https://1iron.ru/uslugi.html
32c4bd820fd7;Замена дисплея iPhone 14 Pro — 100% Original, без ошибки;16800;Ремонт iPhone;Оригинальный модуль Apple. Снятый с нового аппарата оригинальный дисплей. Цветопередача, яркость, запас по солнцу, True Tone и тактильность — как с завода. Дороже всех, но и разницы с новым телефоном не чувствуется. Гарантия 100 дней.;https://1iron.ru/uslugi.html
0e6b34f643ff;Замена дисплея iPhone 14 — 100% Original, без ошибки;10800;Ремонт iPhone;Оригинальный модуль Apple. Снятый с нового аппарата оригинальный дисплей. Цветопередача, яркость, запас по солнцу, True Tone и тактильность — как с завода. Дороже всех, но и разницы с новым телефоном не чувствуется. Гарантия 100 дней.;https://1iron.ru/uslugi.html
18b1d9f9c2d8;Замена дисплея iPhone 13 Pro Max — 100% Original;15700;Ремонт iPhone;Оригинальный модуль Apple. Снятый с нового аппарата оригинальный дисплей. Цветопередача, яркость, запас по солнцу, True Tone и тактильность — как с завода. Дороже всех, но и разницы с новым телефоном не чувствуется. Гарантия 100 дней.;https://1iron.ru/uslugi.html
07611261503f;Замена дисплея iPhone 13 Pro — 100% Original;15200;Ремонт iPhone;Оригинальный модуль Apple. Снятый с нового аппарата оригинальный дисплей. Цветопередача, яркость, запас по солнцу, True Tone и тактильность — как с завода. Дороже всех, но и разницы с новым телефоном не чувствуется. Гарантия 100 дней.;https://1iron.ru/uslugi.html
20dd32b9505c;Замена дисплея iPhone 13 — 100% Original;11400;Ремонт iPhone;Оригинальный модуль Apple. Снятый с нового аппарата оригинальный дисплей. Цветопередача, яркость, запас по солнцу, True Tone и тактильность — как с завода. Дороже всех, но и разницы с новым телефоном не чувствуется. Гарантия 100 дней.;https://1iron.ru/uslugi.html
ede6b24aad3f;Замена дисплея iPhone 13 mini — 100% Original;16200;Ремонт iPhone;Оригинальный модуль Apple. Снятый с нового аппарата оригинальный дисплей. Цветопередача, яркость, запас по солнцу, True Tone и тактильность — как с завода. Дороже всех, но и разницы с новым телефоном не чувствуется. Гарантия 100 дней.;https://1iron.ru/uslugi.html
b85f17ca5378;Замена дисплея iPhone 12 Pro Max — 100% Original;15700;Ремонт iPhone;Оригинальный модуль Apple. Снятый с нового аппарата оригинальный дисплей. Цветопередача, яркость, запас по солнцу, True Tone и тактильность — как с завода. Дороже всех, но и разницы с новым телефоном не чувствуется. Гарантия 100 дней.;https://1iron.ru/uslugi.html
09d9993a73f0;Замена дисплея iPhone 12 — 100% Original;9300;Ремонт iPhone;Оригинальный модуль Apple. Снятый с нового аппарата оригинальный дисплей. Цветопередача, яркость, запас по солнцу, True Tone и тактильность — как с завода. Дороже всех, но и разницы с новым телефоном не чувствуется. Гарантия 100 дней.;https://1iron.ru/uslugi.html
b94c23d6af14;Замена дисплея iPhone 12 Pro — 100% Original;9300;Ремонт iPhone;Оригинальный модуль Apple. Снятый с нового аппарата оригинальный дисплей. Цветопередача, яркость, запас по солнцу, True Tone и тактильность — как с завода. Дороже всех, но и разницы с новым телефоном не чувствуется. Гарантия 100 дней.;https://1iron.ru/uslugi.html
9dfda987d4c7;Замена дисплея iPhone 12 mini — 100% Original;10400;Ремонт iPhone;Оригинальный модуль Apple. Снятый с нового аппарата оригинальный дисплей. Цветопередача, яркость, запас по солнцу, True Tone и тактильность — как с завода. Дороже всех, но и разницы с новым телефоном не чувствуется. Гарантия 100 дней.;https://1iron.ru/uslugi.html
fd74189eeba8;Замена дисплея iPhone 11 — 100% Original;5100;Ремонт iPhone;Оригинальный модуль Apple. Снятый с нового аппарата оригинальный дисплей. Цветопередача, яркость, запас по солнцу, True Tone и тактильность — как с завода. Дороже всех, но и разницы с новым телефоном не чувствуется. Гарантия 100 дней.;https://1iron.ru/uslugi.html
f0e225964415;Замена дисплея iPhone 11 Pro — 100% Original;8300;Ремонт iPhone;Оригинальный модуль Apple. Снятый с нового аппарата оригинальный дисплей. Цветопередача, яркость, запас по солнцу, True Tone и тактильность — как с завода. Дороже всех, но и разницы с новым телефоном не чувствуется. Гарантия 100 дней.;https://1iron.ru/uslugi.html
592a92c88a60;Замена дисплея iPhone 11 Pro Max — 100% Original;9900;Ремонт iPhone;Оригинальный модуль Apple. Снятый с нового аппарата оригинальный дисплей. Цветопередача, яркость, запас по солнцу, True Tone и тактильность — как с завода. Дороже всех, но и разницы с новым телефоном не чувствуется. Гарантия 100 дней.;https://1iron.ru/uslugi.html
7e27a2681ceb;Замена дисплея iPhone X — 100% Original;7000;Ремонт iPhone;Оригинальный модуль Apple. Снятый с нового аппарата оригинальный дисплей. Цветопередача, яркость, запас по солнцу, True Tone и тактильность — как с завода. Дороже всех, но и разницы с новым телефоном не чувствуется. Гарантия 100 дней.;https://1iron.ru/uslugi.html
333f4bbc828f;Замена дисплея iPhone XR — 100% Original;4900;Ремонт iPhone;Оригинальный модуль Apple. Снятый с нового аппарата оригинальный дисплей. Цветопередача, яркость, запас по солнцу, True Tone и тактильность — как с завода. Дороже всех, но и разницы с новым телефоном не чувствуется. Гарантия 100 дней.;https://1iron.ru/uslugi.html
6bc8b24deb3e;Замена дисплея iPhone XS — 100% Original;7400;Ремонт iPhone;Оригинальный модуль Apple. Снятый с нового аппарата оригинальный дисплей. Цветопередача, яркость, запас по солнцу, True Tone и тактильность — как с завода. Дороже всех, но и разницы с новым телефоном не чувствуется. Гарантия 100 дней.;https://1iron.ru/uslugi.html
b651e76fcece;Замена дисплея iPhone XS Max — 100% Original;8700;Ремонт iPhone;Оригинальный модуль Apple. Снятый с нового аппарата оригинальный дисплей. Цветопередача, яркость, запас по солнцу, True Tone и тактильность — как с завода. Дороже всех, но и разницы с новым телефоном не чувствуется. Гарантия 100 дней.;https://1iron.ru/uslugi.html
5a8528556a40;Замена дисплея iPhone 8 — 100% Original;4300;Ремонт iPhone;Оригинальный модуль Apple. Снятый с нового аппарата оригинальный дисплей. Цветопередача, яркость, запас по солнцу, True Tone и тактильность — как с завода. Дороже всех, но и разницы с новым телефоном не чувствуется. Гарантия 100 дней.;https://1iron.ru/uslugi.html
1763abd3bab6;Замена дисплея iPhone 8 Plus — 100% Original;4600;Ремонт iPhone;Оригинальный модуль Apple. Снятый с нового аппарата оригинальный дисплей. Цветопередача, яркость, запас по солнцу, True Tone и тактильность — как с завода. Дороже всех, но и разницы с новым телефоном не чувствуется. Гарантия 100 дней.;https://1iron.ru/uslugi.html
ba04598755a2;Замена дисплея iPhone 7 — 100% Original;4100;Ремонт iPhone;Оригинальный модуль Apple. Снятый с нового аппарата оригинальный дисплей. Цветопередача, яркость, запас по солнцу, True Tone и тактильность — как с завода. Дороже всех, но и разницы с новым телефоном не чувствуется. Гарантия 100 дней.;https://1iron.ru/uslugi.html
6d875a165c66;Замена дисплея iPhone 7 Plus — 100% Original;4600;Ремонт iPhone;Оригинальный модуль Apple. Снятый с нового аппарата оригинальный дисплей. Цветопередача, яркость, запас по солнцу, True Tone и тактильность — как с завода. Дороже всех, но и разницы с новым телефоном не чувствуется. Гарантия 100 дней.;https://1iron.ru/uslugi.html
ebb0723025d6;Замена дисплея iPhone 7 — Orig LCD;4000;Ремонт iPhone;Оригинальная матрица с новым стеклом. Заводской переклей: матрица оригинального уровня с новым стеклом и сенсором. По картинке от оригинала практически неотличим — разницу видно разве что в лаборатории. Разумный выбор, когда оригинал дорог, а качество ронять не хочется. Гарантия 30 дней.;https://1iron.ru/uslugi.html
ee0102e55e69;Замена дисплея iPhone 7 Plus — Orig LCD;4300;Ремонт iPhone;Оригинальная матрица с новым стеклом. Заводской переклей: матрица оригинального уровня с новым стеклом и сенсором. По картинке от оригинала практически неотличим — разницу видно разве что в лаборатории. Разумный выбор, когда оригинал дорог, а качество ронять не хочется. Гарантия 30 дней.;https://1iron.ru/uslugi.html
47b7ccbbb343;Замена дисплея iPhone 8 — Orig LCD;4000;Ремонт iPhone;Оригинальная матрица с новым стеклом. Заводской переклей: матрица оригинального уровня с новым стеклом и сенсором. По картинке от оригинала практически неотличим — разницу видно разве что в лаборатории. Разумный выбор, когда оригинал дорог, а качество ронять не хочется. Гарантия 30 дней.;https://1iron.ru/uslugi.html
d1785cedc407;Замена дисплея iPhone 8 Plus — Orig LCD;4300;Ремонт iPhone;Оригинальная матрица с новым стеклом. Заводской переклей: матрица оригинального уровня с новым стеклом и сенсором. По картинке от оригинала практически неотличим — разницу видно разве что в лаборатории. Разумный выбор, когда оригинал дорог, а качество ронять не хочется. Гарантия 30 дней.;https://1iron.ru/uslugi.html
f228a155394a;Замена дисплея iPhone X — Orig LCD;6400;Ремонт iPhone;Оригинальная матрица с новым стеклом. Заводской переклей: матрица оригинального уровня с новым стеклом и сенсором. По картинке от оригинала практически неотличим — разницу видно разве что в лаборатории. Разумный выбор, когда оригинал дорог, а качество ронять не хочется. Гарантия 30 дней.;https://1iron.ru/uslugi.html
2aff20070edd;Замена дисплея iPhone XR — Orig LCD;4400;Ремонт iPhone;Оригинальная матрица с новым стеклом. Заводской переклей: матрица оригинального уровня с новым стеклом и сенсором. По картинке от оригинала практически неотличим — разницу видно разве что в лаборатории. Разумный выбор, когда оригинал дорог, а качество ронять не хочется. Гарантия 30 дней.;https://1iron.ru/uslugi.html
dfea22b14d8f;Замена дисплея iPhone XS — Orig LCD;6500;Ремонт iPhone;Оригинальная матрица с новым стеклом. Заводской переклей: матрица оригинального уровня с новым стеклом и сенсором. По картинке от оригинала практически неотличим — разницу видно разве что в лаборатории. Разумный выбор, когда оригинал дорог, а качество ронять не хочется. Гарантия 30 дней.;https://1iron.ru/uslugi.html
4e9da97c6f09;Замена дисплея iPhone XS Max — Orig LCD;7200;Ремонт iPhone;Оригинальная матрица с новым стеклом. Заводской переклей: матрица оригинального уровня с новым стеклом и сенсором. По картинке от оригинала практически неотличим — разницу видно разве что в лаборатории. Разумный выбор, когда оригинал дорог, а качество ронять не хочется. Гарантия 30 дней.;https://1iron.ru/uslugi.html
ba629fc53155;Замена дисплея iPhone 11 — Orig LCD;4500;Ремонт iPhone;Оригинальная матрица с новым стеклом. Заводской переклей: матрица оригинального уровня с новым стеклом и сенсором. По картинке от оригинала практически неотличим — разницу видно разве что в лаборатории. Разумный выбор, когда оригинал дорог, а качество ронять не хочется. Гарантия 30 дней.;https://1iron.ru/uslugi.html
94f6f5736e8e;Замена дисплея iPhone 11 Pro — Orig LCD;7500;Ремонт iPhone;Оригинальная матрица с новым стеклом. Заводской переклей: матрица оригинального уровня с новым стеклом и сенсором. По картинке от оригинала практически неотличим — разницу видно разве что в лаборатории. Разумный выбор, когда оригинал дорог, а качество ронять не хочется. Гарантия 30 дней.;https://1iron.ru/uslugi.html
35acdd59546e;Замена дисплея iPhone 11 Pro Max — Orig LCD;7700;Ремонт iPhone;Оригинальная матрица с новым стеклом. Заводской переклей: матрица оригинального уровня с новым стеклом и сенсором. По картинке от оригинала практически неотличим — разницу видно разве что в лаборатории. Разумный выбор, когда оригинал дорог, а качество ронять не хочется. Гарантия 30 дней.;https://1iron.ru/uslugi.html
89352cb56589;Замена дисплея iPhone 12 mini — Orig LCD;9500;Ремонт iPhone;Оригинальная матрица с новым стеклом. Заводской переклей: матрица оригинального уровня с новым стеклом и сенсором. По картинке от оригинала практически неотличим — разницу видно разве что в лаборатории. Разумный выбор, когда оригинал дорог, а качество ронять не хочется. Гарантия 30 дней.;https://1iron.ru/uslugi.html
5a8bc484a246;Замена дисплея iPhone 12 — Orig LCD;9000;Ремонт iPhone;Оригинальная матрица с новым стеклом. Заводской переклей: матрица оригинального уровня с новым стеклом и сенсором. По картинке от оригинала практически неотличим — разницу видно разве что в лаборатории. Разумный выбор, когда оригинал дорог, а качество ронять не хочется. Гарантия 30 дней.;https://1iron.ru/uslugi.html
c7141c1d52f0;Замена дисплея iPhone 12 Pro — Orig LCD;9000;Ремонт iPhone;Оригинальная матрица с новым стеклом. Заводской переклей: матрица оригинального уровня с новым стеклом и сенсором. По картинке от оригинала практически неотличим — разницу видно разве что в лаборатории. Разумный выбор, когда оригинал дорог, а качество ронять не хочется. Гарантия 30 дней.;https://1iron.ru/uslugi.html
613999472e8f;Замена дисплея iPhone 12 Pro Max — Orig LCD;9300;Ремонт iPhone;Оригинальная матрица с новым стеклом. Заводской переклей: матрица оригинального уровня с новым стеклом и сенсором. По картинке от оригинала практически неотличим — разницу видно разве что в лаборатории. Разумный выбор, когда оригинал дорог, а качество ронять не хочется. Гарантия 30 дней.;https://1iron.ru/uslugi.html
819e29f112fb;Замена дисплея iPhone 13 — Orig LCD;9800;Ремонт iPhone;Оригинальная матрица с новым стеклом. Заводской переклей: матрица оригинального уровня с новым стеклом и сенсором. По картинке от оригинала практически неотличим — разницу видно разве что в лаборатории. Разумный выбор, когда оригинал дорог, а качество ронять не хочется. Гарантия 30 дней.;https://1iron.ru/uslugi.html
9fb9e2127708;Замена дисплея iPhone 14 — Orig LCD;9500;Ремонт iPhone;Оригинальная матрица с новым стеклом. Заводской переклей: матрица оригинального уровня с новым стеклом и сенсором. По картинке от оригинала практически неотличим — разницу видно разве что в лаборатории. Разумный выбор, когда оригинал дорог, а качество ронять не хочется. Гарантия 30 дней.;https://1iron.ru/uslugi.html
0526aeb6f3c5;Замена дисплея iPhone 14 Pro — Orig LCD;10100;Ремонт iPhone;Оригинальная матрица с новым стеклом. Заводской переклей: матрица оригинального уровня с новым стеклом и сенсором. По картинке от оригинала практически неотличим — разницу видно разве что в лаборатории. Разумный выбор, когда оригинал дорог, а качество ронять не хочется. Гарантия 30 дней.;https://1iron.ru/uslugi.html
ace285b79606;Замена дисплея iPhone 14 Pro Max — Orig LCD;10100;Ремонт iPhone;Оригинальная матрица с новым стеклом. Заводской переклей: матрица оригинального уровня с новым стеклом и сенсором. По картинке от оригинала практически неотличим — разницу видно разве что в лаборатории. Разумный выбор, когда оригинал дорог, а качество ронять не хочется. Гарантия 30 дней.;https://1iron.ru/uslugi.html
14e5fa557030;Замена дисплея iPhone 15 Pro — Orig LCD;12000;Ремонт iPhone;Оригинальная матрица с новым стеклом. Заводской переклей: матрица оригинального уровня с новым стеклом и сенсором. По картинке от оригинала практически неотличим — разницу видно разве что в лаборатории. Разумный выбор, когда оригинал дорог, а качество ронять не хочется. Гарантия 30 дней.;https://1iron.ru/uslugi.html
46248b86d1be;Замена дисплея iPhone 15 Pro Max — Orig LCD;12000;Ремонт iPhone;Оригинальная матрица с новым стеклом. Заводской переклей: матрица оригинального уровня с новым стеклом и сенсором. По картинке от оригинала практически неотличим — разницу видно разве что в лаборатории. Разумный выбор, когда оригинал дорог, а качество ронять не хочется. Гарантия 30 дней.;https://1iron.ru/uslugi.html
7541101f67ca;Замена дисплея iPhone 16 Pro — Orig LCD;13200;Ремонт iPhone;Оригинальная матрица с новым стеклом. Заводской переклей: матрица оригинального уровня с новым стеклом и сенсором. По картинке от оригинала практически неотличим — разницу видно разве что в лаборатории. Разумный выбор, когда оригинал дорог, а качество ронять не хочется. Гарантия 30 дней.;https://1iron.ru/uslugi.html
344019abdd95;Замена дисплея iPhone 16 Pro Max — Orig LCD;15200;Ремонт iPhone;Оригинальная матрица с новым стеклом. Заводской переклей: матрица оригинального уровня с новым стеклом и сенсором. По картинке от оригинала практически неотличим — разницу видно разве что в лаборатории. Разумный выбор, когда оригинал дорог, а качество ронять не хочется. Гарантия 30 дней.;https://1iron.ru/uslugi.html
91e7c7c57c81;Замена дисплея iPhone 17 Pro Max — Soft OLED 120 Hz;12000;Ремонт iPhone;"Хорошая OLED-копия. Копия на OLED-матрице. Глубокий чёрный и правильные углы обзора, в быту разница с оригиналом почти не читается. Soft — на гибкой подложке, ближе к оригиналу по толщине и лучше переносит удар; Hard — на жёсткой, дешевле. Гарантия 30 дней.";https://1iron.ru/uslugi.html
3a514defb03f;Замена дисплея iPhone 17 Pro Max — 1:1 Soft OLED 120 Hz;16800;Ремонт iPhone;"Хорошая OLED-копия. Копия на OLED-матрице. Глубокий чёрный и правильные углы обзора, в быту разница с оригиналом почти не читается. Soft — на гибкой подложке, ближе к оригиналу по толщине и лучше переносит удар; Hard — на жёсткой, дешевле. Гарантия 30 дней.";https://1iron.ru/uslugi.html
ca05242bebc7;Замена дисплея iPhone 17 Pro — Soft OLED 120 Hz;11800;Ремонт iPhone;"Хорошая OLED-копия. Копия на OLED-матрице. Глубокий чёрный и правильные углы обзора, в быту разница с оригиналом почти не читается. Soft — на гибкой подложке, ближе к оригиналу по толщине и лучше переносит удар; Hard — на жёсткой, дешевле. Гарантия 30 дней.";https://1iron.ru/uslugi.html
bcca1de45466;Замена дисплея iPhone 16 Pro Max — 1:1 Soft OLED 120 Hz;15200;Ремонт iPhone;"Хорошая OLED-копия. Копия на OLED-матрице. Глубокий чёрный и правильные углы обзора, в быту разница с оригиналом почти не читается. Soft — на гибкой подложке, ближе к оригиналу по толщине и лучше переносит удар; Hard — на жёсткой, дешевле. Гарантия 30 дней.";https://1iron.ru/uslugi.html
580ca317cecd;Замена дисплея iPhone 16 Pro Max — Soft OLED 120 Hz;11500;Ремонт iPhone;"Хорошая OLED-копия. Копия на OLED-матрице. Глубокий чёрный и правильные углы обзора, в быту разница с оригиналом почти не читается. Soft — на гибкой подложке, ближе к оригиналу по толщине и лучше переносит удар; Hard — на жёсткой, дешевле. Гарантия 30 дней.";https://1iron.ru/uslugi.html
764d8ccd7abb;Замена дисплея iPhone 16 Pro — Soft OLED 120 Hz;11800;Ремонт iPhone;"Хорошая OLED-копия. Копия на OLED-матрице. Глубокий чёрный и правильные углы обзора, в быту разница с оригиналом почти не читается. Soft — на гибкой подложке, ближе к оригиналу по толщине и лучше переносит удар; Hard — на жёсткой, дешевле. Гарантия 30 дней.";https://1iron.ru/uslugi.html
ab4d030e01ea;Замена дисплея iPhone 16 — SOFT OLED 60 Hz;10800;Ремонт iPhone;"Хорошая OLED-копия. Копия на OLED-матрице. Глубокий чёрный и правильные углы обзора, в быту разница с оригиналом почти не читается. Soft — на гибкой подложке, ближе к оригиналу по толщине и лучше переносит удар; Hard — на жёсткой, дешевле. Гарантия 30 дней.";https://1iron.ru/uslugi.html
4a061148f22a;Замена дисплея iPhone 15 Pro Max — SOFT OLED 120 Hz;9700;Ремонт iPhone;"Хорошая OLED-копия. Копия на OLED-матрице. Глубокий чёрный и правильные углы обзора, в быту разница с оригиналом почти не читается. Soft — на гибкой подложке, ближе к оригиналу по толщине и лучше переносит удар; Hard — на жёсткой, дешевле. Гарантия 30 дней.";https://1iron.ru/uslugi.html
17408f58d6ea;Замена дисплея iPhone 15 Pro — SOFT OLED 120 Hz;9800;Ремонт iPhone;"Хорошая OLED-копия. Копия на OLED-матрице. Глубокий чёрный и правильные углы обзора, в быту разница с оригиналом почти не читается. Soft — на гибкой подложке, ближе к оригиналу по толщине и лучше переносит удар; Hard — на жёсткой, дешевле. Гарантия 30 дней.";https://1iron.ru/uslugi.html
384010cf52c5;Замена дисплея iPhone 15 — Soft OLED 60 Hz;9800;Ремонт iPhone;"Хорошая OLED-копия. Копия на OLED-матрице. Глубокий чёрный и правильные углы обзора, в быту разница с оригиналом почти не читается. Soft — на гибкой подложке, ближе к оригиналу по толщине и лучше переносит удар; Hard — на жёсткой, дешевле. Гарантия 30 дней.";https://1iron.ru/uslugi.html
7da3bae5af44;Замена дисплея iPhone 14 Pro Max — SOFT OLED 120 Hz;9200;Ремонт iPhone;"Хорошая OLED-копия. Копия на OLED-матрице. Глубокий чёрный и правильные углы обзора, в быту разница с оригиналом почти не читается. Soft — на гибкой подложке, ближе к оригиналу по толщине и лучше переносит удар; Hard — на жёсткой, дешевле. Гарантия 30 дней.";https://1iron.ru/uslugi.html
a0a5a792c67d;Замена дисплея iPhone 14 Pro — SOFT OLED 120 Hz;9300;Ремонт iPhone;"Хорошая OLED-копия. Копия на OLED-матрице. Глубокий чёрный и правильные углы обзора, в быту разница с оригиналом почти не читается. Soft — на гибкой подложке, ближе к оригиналу по толщине и лучше переносит удар; Hard — на жёсткой, дешевле. Гарантия 30 дней.";https://1iron.ru/uslugi.html
c4de29bd3ee4;Замена дисплея iPhone 14 — SOFT OLED 60 Hz;8500;Ремонт iPhone;"Хорошая OLED-копия. Копия на OLED-матрице. Глубокий чёрный и правильные углы обзора, в быту разница с оригиналом почти не читается. Soft — на гибкой подложке, ближе к оригиналу по толщине и лучше переносит удар; Hard — на жёсткой, дешевле. Гарантия 30 дней.";https://1iron.ru/uslugi.html
a09118d49f98;Замена дисплея iPhone 13 Pro Max — SOFT OLED 120 Hz;8900;Ремонт iPhone;"Хорошая OLED-копия. Копия на OLED-матрице. Глубокий чёрный и правильные углы обзора, в быту разница с оригиналом почти не читается. Soft — на гибкой подложке, ближе к оригиналу по толщине и лучше переносит удар; Hard — на жёсткой, дешевле. Гарантия 30 дней.";https://1iron.ru/uslugi.html
b50a6b3466ba;Замена дисплея iPhone 13 Pro — SOFT OLED 120 Hz;9100;Ремонт iPhone;"Хорошая OLED-копия. Копия на OLED-матрице. Глубокий чёрный и правильные углы обзора, в быту разница с оригиналом почти не читается. Soft — на гибкой подложке, ближе к оригиналу по толщине и лучше переносит удар; Hard — на жёсткой, дешевле. Гарантия 30 дней.";https://1iron.ru/uslugi.html
9308dda612c3;Замена дисплея iPhone 13 — SOFT OLED 60 Hz;8500;Ремонт iPhone;"Хорошая OLED-копия. Копия на OLED-матрице. Глубокий чёрный и правильные углы обзора, в быту разница с оригиналом почти не читается. Soft — на гибкой подложке, ближе к оригиналу по толщине и лучше переносит удар; Hard — на жёсткой, дешевле. Гарантия 30 дней.";https://1iron.ru/uslugi.html
79ca1a9d69e6;Замена дисплея iPhone 15 Pro Max — Soft OLED 120 Hz,с привязкой, без ошибки;12900;Ремонт iPhone;"Хорошая OLED-копия. Копия на OLED-матрице. Глубокий чёрный и правильные углы обзора, в быту разница с оригиналом почти не читается. Soft — на гибкой подложке, ближе к оригиналу по толщине и лучше переносит удар; Hard — на жёсткой, дешевле. Гарантия 30 дней.";https://1iron.ru/uslugi.html
f0d2a00393a9;Замена дисплея iPhone 15 Pro — Soft OLED 120 Hz,с привязкой, без ошибки;13100;Ремонт iPhone;"Хорошая OLED-копия. Копия на OLED-матрице. Глубокий чёрный и правильные углы обзора, в быту разница с оригиналом почти не читается. Soft — на гибкой подложке, ближе к оригиналу по толщине и лучше переносит удар; Hard — на жёсткой, дешевле. Гарантия 30 дней.";https://1iron.ru/uslugi.html
cffd39612c20;Замена дисплея iPhone 14 Pro Max — Soft OLED 120 Hz,с привязкой, без ошибки;10000;Ремонт iPhone;"Хорошая OLED-копия. Копия на OLED-матрице. Глубокий чёрный и правильные углы обзора, в быту разница с оригиналом почти не читается. Soft — на гибкой подложке, ближе к оригиналу по толщине и лучше переносит удар; Hard — на жёсткой, дешевле. Гарантия 30 дней.";https://1iron.ru/uslugi.html
c7e0c75faa25;Замена дисплея iPhone 14 Pro — Soft OLED 120 Hz,с привязкой, без ошибки;10100;Ремонт iPhone;"Хорошая OLED-копия. Копия на OLED-матрице. Глубокий чёрный и правильные углы обзора, в быту разница с оригиналом почти не читается. Soft — на гибкой подложке, ближе к оригиналу по толщине и лучше переносит удар; Hard — на жёсткой, дешевле. Гарантия 30 дней.";https://1iron.ru/uslugi.html
788e7e7040e2;Замена дисплея iPhone 13 Pro Max — Soft OLED 120 Hz,с привязкой, без ошибки;9700;Ремонт iPhone;"Хорошая OLED-копия. Копия на OLED-матрице. Глубокий чёрный и правильные углы обзора, в быту разница с оригиналом почти не читается. Soft — на гибкой подложке, ближе к оригиналу по толщине и лучше переносит удар; Hard — на жёсткой, дешевле. Гарантия 30 дней.";https://1iron.ru/uslugi.html
6590423a5ec3;Замена дисплея iPhone 13 Pro — Soft OLED 120 Hz,с привязкой, без ошибки;9700;Ремонт iPhone;"Хорошая OLED-копия. Копия на OLED-матрице. Глубокий чёрный и правильные углы обзора, в быту разница с оригиналом почти не читается. Soft — на гибкой подложке, ближе к оригиналу по толщине и лучше переносит удар; Hard — на жёсткой, дешевле. Гарантия 30 дней.";https://1iron.ru/uslugi.html
652ff834b5b4;Замена дисплея iPhone 12 Pro Max — Hard OLED;8000;Ремонт iPhone;"Хорошая OLED-копия. Копия на OLED-матрице. Глубокий чёрный и правильные углы обзора, в быту разница с оригиналом почти не читается. Soft — на гибкой подложке, ближе к оригиналу по толщине и лучше переносит удар; Hard — на жёсткой, дешевле. Гарантия 30 дней.";https://1iron.ru/uslugi.html
e3792509599c;Замена дисплея iPhone 12 — Hard OLED;7800;Ремонт iPhone;"Хорошая OLED-копия. Копия на OLED-матрице. Глубокий чёрный и правильные углы обзора, в быту разница с оригиналом почти не читается. Soft — на гибкой подложке, ближе к оригиналу по толщине и лучше переносит удар; Hard — на жёсткой, дешевле. Гарантия 30 дней.";https://1iron.ru/uslugi.html
aa17f779a392;Замена дисплея iPhone 12 Pro — Hard OLED;7800;Ремонт iPhone;"Хорошая OLED-копия. Копия на OLED-матрице. Глубокий чёрный и правильные углы обзора, в быту разница с оригиналом почти не читается. Soft — на гибкой подложке, ближе к оригиналу по толщине и лучше переносит удар; Hard — на жёсткой, дешевле. Гарантия 30 дней.";https://1iron.ru/uslugi.html
a6a976d37684;Замена дисплея iPhone 11 Pro Max — Hard OLED;6200;Ремонт iPhone;"Хорошая OLED-копия. Копия на OLED-матрице. Глубокий чёрный и правильные углы обзора, в быту разница с оригиналом почти не читается. Soft — на гибкой подложке, ближе к оригиналу по толщине и лучше переносит удар; Hard — на жёсткой, дешевле. Гарантия 30 дней.";https://1iron.ru/uslugi.html
babbeec7f90f;Замена дисплея iPhone 11 Pro — Hard OLED;5500;Ремонт iPhone;"Хорошая OLED-копия. Копия на OLED-матрице. Глубокий чёрный и правильные углы обзора, в быту разница с оригиналом почти не читается. Soft — на гибкой подложке, ближе к оригиналу по толщине и лучше переносит удар; Hard — на жёсткой, дешевле. Гарантия 30 дней.";https://1iron.ru/uslugi.html
90e47e3edc31;Замена дисплея iPhone XS Max — Hard OLED;6000;Ремонт iPhone;"Хорошая OLED-копия. Копия на OLED-матрице. Глубокий чёрный и правильные углы обзора, в быту разница с оригиналом почти не читается. Soft — на гибкой подложке, ближе к оригиналу по толщине и лучше переносит удар; Hard — на жёсткой, дешевле. Гарантия 30 дней.";https://1iron.ru/uslugi.html
968830259178;Замена дисплея iPhone XS — Hard OLED;5300;Ремонт iPhone;"Хорошая OLED-копия. Копия на OLED-матрице. Глубокий чёрный и правильные углы обзора, в быту разница с оригиналом почти не читается. Soft — на гибкой подложке, ближе к оригиналу по толщине и лучше переносит удар; Hard — на жёсткой, дешевле. Гарантия 30 дней.";https://1iron.ru/uslugi.html
244744e94d5e;Замена дисплея iPhone X — Hard OLED;5300;Ремонт iPhone;"Хорошая OLED-копия. Копия на OLED-матрице. Глубокий чёрный и правильные углы обзора, в быту разница с оригиналом почти не читается. Soft — на гибкой подложке, ближе к оригиналу по толщине и лучше переносит удар; Hard — на жёсткой, дешевле. Гарантия 30 дней.";https://1iron.ru/uslugi.html
5f4f85197ff3;Замена дисплея iPhone 17 Pro Max — In-Cell TFT Full HD;8200;Ремонт iPhone;Бюджетная ЖК-копия. Самый доступный вариант. Экран рабочий и аккуратный, но это ЖК: чёрный ближе к тёмно-серому, углы обзора хуже, на ярком солнце читается тяжелее. Берут, когда важна цена или аппарат готовят к продаже. Гарантия 14 дней.;https://1iron.ru/uslugi.html
566f30126375;Замена дисплея iPhone 17 Pro — In-Cell TFT Full HD;8200;Ремонт iPhone;Бюджетная ЖК-копия. Самый доступный вариант. Экран рабочий и аккуратный, но это ЖК: чёрный ближе к тёмно-серому, углы обзора хуже, на ярком солнце читается тяжелее. Берут, когда важна цена или аппарат готовят к продаже. Гарантия 14 дней.;https://1iron.ru/uslugi.html
57a5eb6c2bab;Замена дисплея iPhone 16 Pro Max — In-Cell TFT Full HD;8500;Ремонт iPhone;Бюджетная ЖК-копия. Самый доступный вариант. Экран рабочий и аккуратный, но это ЖК: чёрный ближе к тёмно-серому, углы обзора хуже, на ярком солнце читается тяжелее. Берут, когда важна цена или аппарат готовят к продаже. Гарантия 14 дней.;https://1iron.ru/uslugi.html
cd3e05b0406a;Замена дисплея iPhone 16 Pro — In-Cell TFT Full HD;8100;Ремонт iPhone;Бюджетная ЖК-копия. Самый доступный вариант. Экран рабочий и аккуратный, но это ЖК: чёрный ближе к тёмно-серому, углы обзора хуже, на ярком солнце читается тяжелее. Берут, когда важна цена или аппарат готовят к продаже. Гарантия 14 дней.;https://1iron.ru/uslugi.html
0d5df8782448;Замена дисплея iPhone 16 — In-Cell TFT Full HD;7200;Ремонт iPhone;Бюджетная ЖК-копия. Самый доступный вариант. Экран рабочий и аккуратный, но это ЖК: чёрный ближе к тёмно-серому, углы обзора хуже, на ярком солнце читается тяжелее. Берут, когда важна цена или аппарат готовят к продаже. Гарантия 14 дней.;https://1iron.ru/uslugi.html
c61b43551a00;Замена дисплея iPhone 15 Pro Max — In-Cell TFT Full HD;7100;Ремонт iPhone;Бюджетная ЖК-копия. Самый доступный вариант. Экран рабочий и аккуратный, но это ЖК: чёрный ближе к тёмно-серому, углы обзора хуже, на ярком солнце читается тяжелее. Берут, когда важна цена или аппарат готовят к продаже. Гарантия 14 дней.;https://1iron.ru/uslugi.html
587e18455425;Замена дисплея iPhone 15 Pro — In-Cell TFT Full HD;6700;Ремонт iPhone;Бюджетная ЖК-копия. Самый доступный вариант. Экран рабочий и аккуратный, но это ЖК: чёрный ближе к тёмно-серому, углы обзора хуже, на ярком солнце читается тяжелее. Берут, когда важна цена или аппарат готовят к продаже. Гарантия 14 дней.;https://1iron.ru/uslugi.html
2fb27170dc88;Замена дисплея iPhone 15 — In-Cell TFT Full HD;6600;Ремонт iPhone;Бюджетная ЖК-копия. Самый доступный вариант. Экран рабочий и аккуратный, но это ЖК: чёрный ближе к тёмно-серому, углы обзора хуже, на ярком солнце читается тяжелее. Берут, когда важна цена или аппарат готовят к продаже. Гарантия 14 дней.;https://1iron.ru/uslugi.html
8a9020ea75e7;Замена дисплея iPhone 14 Pro Max — In-Cell TFT Full HD;5600;Ремонт iPhone;Бюджетная ЖК-копия. Самый доступный вариант. Экран рабочий и аккуратный, но это ЖК: чёрный ближе к тёмно-серому, углы обзора хуже, на ярком солнце читается тяжелее. Берут, когда важна цена или аппарат готовят к продаже. Гарантия 14 дней.;https://1iron.ru/uslugi.html
45cca8594206;Замена дисплея iPhone 14 Pro — In-Cell TFT Full HD;5200;Ремонт iPhone;Бюджетная ЖК-копия. Самый доступный вариант. Экран рабочий и аккуратный, но это ЖК: чёрный ближе к тёмно-серому, углы обзора хуже, на ярком солнце читается тяжелее. Берут, когда важна цена или аппарат готовят к продаже. Гарантия 14 дней.;https://1iron.ru/uslugi.html
bd1b1a763f46;Замена дисплея iPhone 14 — In-Cell TFT Full HD;4800;Ремонт iPhone;Бюджетная ЖК-копия. Самый доступный вариант. Экран рабочий и аккуратный, но это ЖК: чёрный ближе к тёмно-серому, углы обзора хуже, на ярком солнце читается тяжелее. Берут, когда важна цена или аппарат готовят к продаже. Гарантия 14 дней.;https://1iron.ru/uslugi.html
331188e6c813;Замена дисплея iPhone 13 Pro Max — In-Cell TFT Full HD;5000;Ремонт iPhone;Бюджетная ЖК-копия. Самый доступный вариант. Экран рабочий и аккуратный, но это ЖК: чёрный ближе к тёмно-серому, углы обзора хуже, на ярком солнце читается тяжелее. Берут, когда важна цена или аппарат готовят к продаже. Гарантия 14 дней.;https://1iron.ru/uslugi.html
5477e4e3c8e1;Замена дисплея iPhone 13 Pro — In-Cell TFT Full HD;5200;Ремонт iPhone;Бюджетная ЖК-копия. Самый доступный вариант. Экран рабочий и аккуратный, но это ЖК: чёрный ближе к тёмно-серому, углы обзора хуже, на ярком солнце читается тяжелее. Берут, когда важна цена или аппарат готовят к продаже. Гарантия 14 дней.;https://1iron.ru/uslugi.html
85bd845edd74;Замена дисплея iPhone 13 — In-Cell TFT Full HD;4900;Ремонт iPhone;Бюджетная ЖК-копия. Самый доступный вариант. Экран рабочий и аккуратный, но это ЖК: чёрный ближе к тёмно-серому, углы обзора хуже, на ярком солнце читается тяжелее. Берут, когда важна цена или аппарат готовят к продаже. Гарантия 14 дней.;https://1iron.ru/uslugi.html
4967bae69ddc;Замена дисплея iPhone 13 mini — In-Cell TFT Full HD;5300;Ремонт iPhone;Бюджетная ЖК-копия. Самый доступный вариант. Экран рабочий и аккуратный, но это ЖК: чёрный ближе к тёмно-серому, углы обзора хуже, на ярком солнце читается тяжелее. Берут, когда важна цена или аппарат готовят к продаже. Гарантия 14 дней.;https://1iron.ru/uslugi.html
05f57ed91cfe;Замена дисплея iPhone 12 Pro Max — In-Cell TFT Full HD;5200;Ремонт iPhone;Бюджетная ЖК-копия. Самый доступный вариант. Экран рабочий и аккуратный, но это ЖК: чёрный ближе к тёмно-серому, углы обзора хуже, на ярком солнце читается тяжелее. Берут, когда важна цена или аппарат готовят к продаже. Гарантия 14 дней.;https://1iron.ru/uslugi.html
b2bbed136058;Замена дисплея iPhone 12 — In-Cell TFT Full HD;4800;Ремонт iPhone;Бюджетная ЖК-копия. Самый доступный вариант. Экран рабочий и аккуратный, но это ЖК: чёрный ближе к тёмно-серому, углы обзора хуже, на ярком солнце читается тяжелее. Берут, когда важна цена или аппарат готовят к продаже. Гарантия 14 дней.;https://1iron.ru/uslugi.html
909047489322;Замена дисплея iPhone 12 Pro — In-Cell TFT Full HD;4800;Ремонт iPhone;Бюджетная ЖК-копия. Самый доступный вариант. Экран рабочий и аккуратный, но это ЖК: чёрный ближе к тёмно-серому, углы обзора хуже, на ярком солнце читается тяжелее. Берут, когда важна цена или аппарат готовят к продаже. Гарантия 14 дней.;https://1iron.ru/uslugi.html
50e382980b77;Замена дисплея iPhone 12 mini — In-Cell TFT Full HD;5300;Ремонт iPhone;Бюджетная ЖК-копия. Самый доступный вариант. Экран рабочий и аккуратный, но это ЖК: чёрный ближе к тёмно-серому, углы обзора хуже, на ярком солнце читается тяжелее. Берут, когда важна цена или аппарат готовят к продаже. Гарантия 14 дней.;https://1iron.ru/uslugi.html
b99e94348bc4;Замена дисплея iPhone 11 Pro Max — In-Cell TFT Full HD;4600;Ремонт iPhone;Бюджетная ЖК-копия. Самый доступный вариант. Экран рабочий и аккуратный, но это ЖК: чёрный ближе к тёмно-серому, углы обзора хуже, на ярком солнце читается тяжелее. Берут, когда важна цена или аппарат готовят к продаже. Гарантия 14 дней.;https://1iron.ru/uslugi.html
737a64a89377;Замена дисплея iPhone 11 Pro — In-Cell TFT Full HD;4600;Ремонт iPhone;Бюджетная ЖК-копия. Самый доступный вариант. Экран рабочий и аккуратный, но это ЖК: чёрный ближе к тёмно-серому, углы обзора хуже, на ярком солнце читается тяжелее. Берут, когда важна цена или аппарат готовят к продаже. Гарантия 14 дней.;https://1iron.ru/uslugi.html
0ef3c5db05de;Замена дисплея iPhone 11 — In-Cell TFT Full HD;4600;Ремонт iPhone;Бюджетная ЖК-копия. Самый доступный вариант. Экран рабочий и аккуратный, но это ЖК: чёрный ближе к тёмно-серому, углы обзора хуже, на ярком солнце читается тяжелее. Берут, когда важна цена или аппарат готовят к продаже. Гарантия 14 дней.;https://1iron.ru/uslugi.html
be57f5753a2b;Замена дисплея iPhone XS Max — In-Cell TFT Full HD;4600;Ремонт iPhone;Бюджетная ЖК-копия. Самый доступный вариант. Экран рабочий и аккуратный, но это ЖК: чёрный ближе к тёмно-серому, углы обзора хуже, на ярком солнце читается тяжелее. Берут, когда важна цена или аппарат готовят к продаже. Гарантия 14 дней.;https://1iron.ru/uslugi.html
586372c7edb3;Замена дисплея iPhone XS — In-Cell TFT Full HD;4500;Ремонт iPhone;Бюджетная ЖК-копия. Самый доступный вариант. Экран рабочий и аккуратный, но это ЖК: чёрный ближе к тёмно-серому, углы обзора хуже, на ярком солнце читается тяжелее. Берут, когда важна цена или аппарат готовят к продаже. Гарантия 14 дней.;https://1iron.ru/uslugi.html
76e9a9648a9d;Замена дисплея iPhone XR — In-Cell TFT Full HD;4500;Ремонт iPhone;Бюджетная ЖК-копия. Самый доступный вариант. Экран рабочий и аккуратный, но это ЖК: чёрный ближе к тёмно-серому, углы обзора хуже, на ярком солнце читается тяжелее. Берут, когда важна цена или аппарат готовят к продаже. Гарантия 14 дней.;https://1iron.ru/uslugi.html
4f2d196195d2;Замена дисплея iPhone X — In-Cell TFT Full HD;4500;Ремонт iPhone;Бюджетная ЖК-копия. Самый доступный вариант. Экран рабочий и аккуратный, но это ЖК: чёрный ближе к тёмно-серому, углы обзора хуже, на ярком солнце читается тяжелее. Берут, когда важна цена или аппарат готовят к продаже. Гарантия 14 дней.;https://1iron.ru/uslugi.html
35344665eb2c;Замена дисплея iPhone 14 — KU In-Cell TFT HD+;4500;Ремонт iPhone;Бюджетная ЖК-копия. Самый доступный вариант. Экран рабочий и аккуратный, но это ЖК: чёрный ближе к тёмно-серому, углы обзора хуже, на ярком солнце читается тяжелее. Берут, когда важна цена или аппарат готовят к продаже. Гарантия 14 дней.;https://1iron.ru/uslugi.html
e887182c6d62;Замена дисплея iPhone 13 — KU In-Cell TFT HD+;4500;Ремонт iPhone;Бюджетная ЖК-копия. Самый доступный вариант. Экран рабочий и аккуратный, но это ЖК: чёрный ближе к тёмно-серому, углы обзора хуже, на ярком солнце читается тяжелее. Берут, когда важна цена или аппарат готовят к продаже. Гарантия 14 дней.;https://1iron.ru/uslugi.html
545dbef2fcc5;Замена дисплея iPhone 12 Pro Max — KU In-Cell TFT HD+;4400;Ремонт iPhone;Бюджетная ЖК-копия. Самый доступный вариант. Экран рабочий и аккуратный, но это ЖК: чёрный ближе к тёмно-серому, углы обзора хуже, на ярком солнце читается тяжелее. Берут, когда важна цена или аппарат готовят к продаже. Гарантия 14 дней.;https://1iron.ru/uslugi.html
358813b5776e;Замена дисплея iPhone 12 — KU In-Cell TFT HD+;4400;Ремонт iPhone;Бюджетная ЖК-копия. Самый доступный вариант. Экран рабочий и аккуратный, но это ЖК: чёрный ближе к тёмно-серому, углы обзора хуже, на ярком солнце читается тяжелее. Берут, когда важна цена или аппарат готовят к продаже. Гарантия 14 дней.;https://1iron.ru/uslugi.html
74468d8abfcf;Замена дисплея iPhone 12 Pro — KU In-Cell TFT HD+;4400;Ремонт iPhone;Бюджетная ЖК-копия. Самый доступный вариант. Экран рабочий и аккуратный, но это ЖК: чёрный ближе к тёмно-серому, углы обзора хуже, на ярком солнце читается тяжелее. Берут, когда важна цена или аппарат готовят к продаже. Гарантия 14 дней.;https://1iron.ru/uslugi.html
1efa01c6ccbe;Замена дисплея iPhone 11 Pro Max — KU In-Cell TFT HD+;4300;Ремонт iPhone;Бюджетная ЖК-копия. Самый доступный вариант. Экран рабочий и аккуратный, но это ЖК: чёрный ближе к тёмно-серому, углы обзора хуже, на ярком солнце читается тяжелее. Берут, когда важна цена или аппарат готовят к продаже. Гарантия 14 дней.;https://1iron.ru/uslugi.html
a96c910c7cc0;Замена дисплея iPhone 11 Pro — KU In-Cell TFT HD+;4200;Ремонт iPhone;Бюджетная ЖК-копия. Самый доступный вариант. Экран рабочий и аккуратный, но это ЖК: чёрный ближе к тёмно-серому, углы обзора хуже, на ярком солнце читается тяжелее. Берут, когда важна цена или аппарат готовят к продаже. Гарантия 14 дней.;https://1iron.ru/uslugi.html
34db79250eaf;Замена дисплея iPhone 11 — KU In-Cell TFT HD+;4200;Ремонт iPhone;Бюджетная ЖК-копия. Самый доступный вариант. Экран рабочий и аккуратный, но это ЖК: чёрный ближе к тёмно-серому, углы обзора хуже, на ярком солнце читается тяжелее. Берут, когда важна цена или аппарат готовят к продаже. Гарантия 14 дней.;https://1iron.ru/uslugi.html
136a3bb4e98c;Замена дисплея iPhone XR — KU In-Cell TFT HD+;4200;Ремонт iPhone;Бюджетная ЖК-копия. Самый доступный вариант. Экран рабочий и аккуратный, но это ЖК: чёрный ближе к тёмно-серому, углы обзора хуже, на ярком солнце читается тяжелее. Берут, когда важна цена или аппарат готовят к продаже. Гарантия 14 дней.;https://1iron.ru/uslugi.html
dca52902fb08;Замена дисплея iPhone XS Max — KU In-Cell TFT HD+;4300;Ремонт iPhone;Бюджетная ЖК-копия. Самый доступный вариант. Экран рабочий и аккуратный, но это ЖК: чёрный ближе к тёмно-серому, углы обзора хуже, на ярком солнце читается тяжелее. Берут, когда важна цена или аппарат готовят к продаже. Гарантия 14 дней.;https://1iron.ru/uslugi.html
ab55f3e1f82a;Замена дисплея iPhone XS — KU In-Cell TFT HD+;4200;Ремонт iPhone;Бюджетная ЖК-копия. Самый доступный вариант. Экран рабочий и аккуратный, но это ЖК: чёрный ближе к тёмно-серому, углы обзора хуже, на ярком солнце читается тяжелее. Берут, когда важна цена или аппарат готовят к продаже. Гарантия 14 дней.;https://1iron.ru/uslugi.html
cbcc70a1d9b7;Замена дисплея iPhone X — KU In-Cell TFT HD+;4100;Ремонт iPhone;Бюджетная ЖК-копия. Самый доступный вариант. Экран рабочий и аккуратный, но это ЖК: чёрный ближе к тёмно-серому, углы обзора хуже, на ярком солнце читается тяжелее. Берут, когда важна цена или аппарат готовят к продаже. Гарантия 14 дней.;https://1iron.ru/uslugi.html
fb872392b7cb;Замена дисплея iPhone 8 — Incell;3800;Ремонт iPhone;;https://1iron.ru/uslugi.html
71cb7f0ff2fc;Замена дисплея iPhone 8 Plus — Incell;3800;Ремонт iPhone;;https://1iron.ru/uslugi.html
c4e52bee0676;Замена дисплея iPhone 7 — Incell;3800;Ремонт iPhone;;https://1iron.ru/uslugi.html
1478228506e3;Замена дисплея iPhone 7 Plus — Incell;3800;Ремонт iPhone;;https://1iron.ru/uslugi.html
5e66bd2c9fbb;Замена аккумулятора iPhone 7 — BOX;2200;Ремонт iPhone;Честная ёмкость, родной контроллер. Новая батарея с оригинальным контроллером. Ёмкость соответствует заявленной, зарядка ведёт себя штатно. Основной рабочий вариант для моделей до 12-го поколения. Гарантия 100 дней.;https://1iron.ru/uslugi.html
40e32ce67bae;Замена аккумулятора iPhone 7 Plus — BOX;2300;Ремонт iPhone;Честная ёмкость, родной контроллер. Новая батарея с оригинальным контроллером. Ёмкость соответствует заявленной, зарядка ведёт себя штатно. Основной рабочий вариант для моделей до 12-го поколения. Гарантия 100 дней.;https://1iron.ru/uslugi.html
4fc2b4aee601;Замена аккумулятора iPhone 8 — BOX;2300;Ремонт iPhone;Честная ёмкость, родной контроллер. Новая батарея с оригинальным контроллером. Ёмкость соответствует заявленной, зарядка ведёт себя штатно. Основной рабочий вариант для моделей до 12-го поколения. Гарантия 100 дней.;https://1iron.ru/uslugi.html
b91abe6e8528;Замена аккумулятора iPhone 8 Plus — BOX;2300;Ремонт iPhone;Честная ёмкость, родной контроллер. Новая батарея с оригинальным контроллером. Ёмкость соответствует заявленной, зарядка ведёт себя штатно. Основной рабочий вариант для моделей до 12-го поколения. Гарантия 100 дней.;https://1iron.ru/uslugi.html
7a21e271f59f;Замена аккумулятора iPhone SE 2020 — BOX;2300;Ремонт iPhone;Честная ёмкость, родной контроллер. Новая батарея с оригинальным контроллером. Ёмкость соответствует заявленной, зарядка ведёт себя штатно. Основной рабочий вариант для моделей до 12-го поколения. Гарантия 100 дней.;https://1iron.ru/uslugi.html
785c4c25afdb;Замена аккумулятора iPhone SE 2022 — BOX;2800;Ремонт iPhone;Честная ёмкость, родной контроллер. Новая батарея с оригинальным контроллером. Ёмкость соответствует заявленной, зарядка ведёт себя штатно. Основной рабочий вариант для моделей до 12-го поколения. Гарантия 100 дней.;https://1iron.ru/uslugi.html
973fcce3bb1d;Замена аккумулятора iPhone X — BOX;3000;Ремонт iPhone;Честная ёмкость, родной контроллер. Новая батарея с оригинальным контроллером. Ёмкость соответствует заявленной, зарядка ведёт себя штатно. Основной рабочий вариант для моделей до 12-го поколения. Гарантия 100 дней.;https://1iron.ru/uslugi.html
8c85995ac67c;Замена аккумулятора iPhone XR — BOX;3000;Ремонт iPhone;Честная ёмкость, родной контроллер. Новая батарея с оригинальным контроллером. Ёмкость соответствует заявленной, зарядка ведёт себя штатно. Основной рабочий вариант для моделей до 12-го поколения. Гарантия 100 дней.;https://1iron.ru/uslugi.html
d421e1c85258;Замена аккумулятора iPhone XS — BOX;3000;Ремонт iPhone;Честная ёмкость, родной контроллер. Новая батарея с оригинальным контроллером. Ёмкость соответствует заявленной, зарядка ведёт себя штатно. Основной рабочий вариант для моделей до 12-го поколения. Гарантия 100 дней.;https://1iron.ru/uslugi.html
b626f8e52eac;Замена аккумулятора iPhone XS Max — BOX;3000;Ремонт iPhone;Честная ёмкость, родной контроллер. Новая батарея с оригинальным контроллером. Ёмкость соответствует заявленной, зарядка ведёт себя штатно. Основной рабочий вариант для моделей до 12-го поколения. Гарантия 100 дней.;https://1iron.ru/uslugi.html
23bd22fd3e89;Замена аккумулятора iPhone 11 — BOX;3800;Ремонт iPhone;Честная ёмкость, родной контроллер. Новая батарея с оригинальным контроллером. Ёмкость соответствует заявленной, зарядка ведёт себя штатно. Основной рабочий вариант для моделей до 12-го поколения. Гарантия 100 дней.;https://1iron.ru/uslugi.html
a14debc1de93;Замена аккумулятора iPhone 11 Pro — BOX;3900;Ремонт iPhone;Честная ёмкость, родной контроллер. Новая батарея с оригинальным контроллером. Ёмкость соответствует заявленной, зарядка ведёт себя штатно. Основной рабочий вариант для моделей до 12-го поколения. Гарантия 100 дней.;https://1iron.ru/uslugi.html
f5eda19ef0a1;Замена аккумулятора iPhone 11 Pro Max — BOX;4000;Ремонт iPhone;Честная ёмкость, родной контроллер. Новая батарея с оригинальным контроллером. Ёмкость соответствует заявленной, зарядка ведёт себя штатно. Основной рабочий вариант для моделей до 12-го поколения. Гарантия 100 дней.;https://1iron.ru/uslugi.html
e2029edebb7a;Замена аккумулятора iPhone 12 mini — BOX;3700;Ремонт iPhone;Честная ёмкость, родной контроллер. Новая батарея с оригинальным контроллером. Ёмкость соответствует заявленной, зарядка ведёт себя штатно. Основной рабочий вариант для моделей до 12-го поколения. Гарантия 100 дней.;https://1iron.ru/uslugi.html
2aabd918652c;Замена аккумулятора iPhone 12 — BOX;3900;Ремонт iPhone;Честная ёмкость, родной контроллер. Новая батарея с оригинальным контроллером. Ёмкость соответствует заявленной, зарядка ведёт себя штатно. Основной рабочий вариант для моделей до 12-го поколения. Гарантия 100 дней.;https://1iron.ru/uslugi.html
00b74a9fb150;Замена аккумулятора iPhone 12 Pro — BOX;3900;Ремонт iPhone;Честная ёмкость, родной контроллер. Новая батарея с оригинальным контроллером. Ёмкость соответствует заявленной, зарядка ведёт себя штатно. Основной рабочий вариант для моделей до 12-го поколения. Гарантия 100 дней.;https://1iron.ru/uslugi.html
517c5ad8ce14;Замена аккумулятора iPhone 12 Pro Max — BOX;4000;Ремонт iPhone;Честная ёмкость, родной контроллер. Новая батарея с оригинальным контроллером. Ёмкость соответствует заявленной, зарядка ведёт себя штатно. Основной рабочий вариант для моделей до 12-го поколения. Гарантия 100 дней.;https://1iron.ru/uslugi.html
91dca0b1b1b4;Замена аккумулятора iPhone 13 — BOX;4500;Ремонт iPhone;Честная ёмкость, родной контроллер. Новая батарея с оригинальным контроллером. Ёмкость соответствует заявленной, зарядка ведёт себя штатно. Основной рабочий вариант для моделей до 12-го поколения. Гарантия 100 дней.;https://1iron.ru/uslugi.html
ca36beb35f8b;Замена аккумулятора iPhone 13 mini — BOX;4300;Ремонт iPhone;Честная ёмкость, родной контроллер. Новая батарея с оригинальным контроллером. Ёмкость соответствует заявленной, зарядка ведёт себя штатно. Основной рабочий вариант для моделей до 12-го поколения. Гарантия 100 дней.;https://1iron.ru/uslugi.html
5dc376fb9683;Замена аккумулятора iPhone 13 Pro — BOX;4700;Ремонт iPhone;Честная ёмкость, родной контроллер. Новая батарея с оригинальным контроллером. Ёмкость соответствует заявленной, зарядка ведёт себя штатно. Основной рабочий вариант для моделей до 12-го поколения. Гарантия 100 дней.;https://1iron.ru/uslugi.html
435f98bdb8b5;Замена аккумулятора iPhone 13 Pro Max — BOX;4700;Ремонт iPhone;Честная ёмкость, родной контроллер. Новая батарея с оригинальным контроллером. Ёмкость соответствует заявленной, зарядка ведёт себя штатно. Основной рабочий вариант для моделей до 12-го поколения. Гарантия 100 дней.;https://1iron.ru/uslugi.html
309b0555308d;Замена аккумулятора iPhone 14 — BOX;5000;Ремонт iPhone;Честная ёмкость, родной контроллер. Новая батарея с оригинальным контроллером. Ёмкость соответствует заявленной, зарядка ведёт себя штатно. Основной рабочий вариант для моделей до 12-го поколения. Гарантия 100 дней.;https://1iron.ru/uslugi.html
dc37566dcf88;Замена аккумулятора iPhone 14 Pro — BOX;5300;Ремонт iPhone;Честная ёмкость, родной контроллер. Новая батарея с оригинальным контроллером. Ёмкость соответствует заявленной, зарядка ведёт себя штатно. Основной рабочий вариант для моделей до 12-го поколения. Гарантия 100 дней.;https://1iron.ru/uslugi.html
b0aad87152f2;Замена аккумулятора iPhone 14 Pro Max — BOX;5400;Ремонт iPhone;Честная ёмкость, родной контроллер. Новая батарея с оригинальным контроллером. Ёмкость соответствует заявленной, зарядка ведёт себя штатно. Основной рабочий вариант для моделей до 12-го поколения. Гарантия 100 дней.;https://1iron.ru/uslugi.html
c98f2a48357d;Замена аккумулятора iPhone 15 — BOX;5200;Ремонт iPhone;Честная ёмкость, родной контроллер. Новая батарея с оригинальным контроллером. Ёмкость соответствует заявленной, зарядка ведёт себя штатно. Основной рабочий вариант для моделей до 12-го поколения. Гарантия 100 дней.;https://1iron.ru/uslugi.html
1f385641e9eb;Замена аккумулятора iPhone 15 Pro — BOX;5400;Ремонт iPhone;Честная ёмкость, родной контроллер. Новая батарея с оригинальным контроллером. Ёмкость соответствует заявленной, зарядка ведёт себя штатно. Основной рабочий вариант для моделей до 12-го поколения. Гарантия 100 дней.;https://1iron.ru/uslugi.html
ad2c212909c5;Замена аккумулятора iPhone 15 Pro Max — BOX;5500;Ремонт iPhone;Честная ёмкость, родной контроллер. Новая батарея с оригинальным контроллером. Ёмкость соответствует заявленной, зарядка ведёт себя штатно. Основной рабочий вариант для моделей до 12-го поколения. Гарантия 100 дней.;https://1iron.ru/uslugi.html
3fed0188bbae;Замена аккумулятора iPhone 16 — BOX;5700;Ремонт iPhone;Честная ёмкость, родной контроллер. Новая батарея с оригинальным контроллером. Ёмкость соответствует заявленной, зарядка ведёт себя штатно. Основной рабочий вариант для моделей до 12-го поколения. Гарантия 100 дней.;https://1iron.ru/uslugi.html
f9585ef91205;Замена аккумулятора iPhone 16 Pro — BOX;5900;Ремонт iPhone;Честная ёмкость, родной контроллер. Новая батарея с оригинальным контроллером. Ёмкость соответствует заявленной, зарядка ведёт себя штатно. Основной рабочий вариант для моделей до 12-го поколения. Гарантия 100 дней.;https://1iron.ru/uslugi.html
4bbcd84a34c1;Замена аккумулятора iPhone 16 Pro Max — BOX;6200;Ремонт iPhone;Честная ёмкость, родной контроллер. Новая батарея с оригинальным контроллером. Ёмкость соответствует заявленной, зарядка ведёт себя штатно. Основной рабочий вариант для моделей до 12-го поколения. Гарантия 100 дней.;https://1iron.ru/uslugi.html
f94af1173d1a;"Замена аккумулятора iPhone 13 — АКБ под привязку статус ""Подлинный""";5300;Ремонт iPhone;Система видит батарею как подлинную. После установки iPhone показывает состояние аккумулятора и не ругается на неоригинальную деталь. Лучший вариант для моделей от 12-го поколения. Гарантия 100 дней.;https://1iron.ru/uslugi.html
330037d65bdf;"Замена аккумулятора iPhone 13 Pro — АКБ под привязку статус ""Подлинный""";5600;Ремонт iPhone;Система видит батарею как подлинную. После установки iPhone показывает состояние аккумулятора и не ругается на неоригинальную деталь. Лучший вариант для моделей от 12-го поколения. Гарантия 100 дней.;https://1iron.ru/uslugi.html
d1db206fcc5b;"Замена аккумулятора iPhone 13 Pro Max — АКБ под привязку статус ""Подлинный""";5800;Ремонт iPhone;Система видит батарею как подлинную. После установки iPhone показывает состояние аккумулятора и не ругается на неоригинальную деталь. Лучший вариант для моделей от 12-го поколения. Гарантия 100 дней.;https://1iron.ru/uslugi.html
f24216c7a6f0;"Замена аккумулятора iPhone 14 Pro — АКБ под привязку статус ""Подлинный""";6100;Ремонт iPhone;Система видит батарею как подлинную. После установки iPhone показывает состояние аккумулятора и не ругается на неоригинальную деталь. Лучший вариант для моделей от 12-го поколения. Гарантия 100 дней.;https://1iron.ru/uslugi.html
47349367ff74;"Замена аккумулятора iPhone 14 Pro Max — АКБ под привязку статус ""Подлинный""";6200;Ремонт iPhone;Система видит батарею как подлинную. После установки iPhone показывает состояние аккумулятора и не ругается на неоригинальную деталь. Лучший вариант для моделей от 12-го поколения. Гарантия 100 дней.;https://1iron.ru/uslugi.html
467cd6189b3f;"Замена аккумулятора iPhone 15 Pro — АКБ под привязку статус ""Подлинный""";6300;Ремонт iPhone;Система видит батарею как подлинную. После установки iPhone показывает состояние аккумулятора и не ругается на неоригинальную деталь. Лучший вариант для моделей от 12-го поколения. Гарантия 100 дней.;https://1iron.ru/uslugi.html
4d1af31b8083;"Замена аккумулятора iPhone 15 Pro Max — АКБ под привязку статус ""Подлинный""";6400;Ремонт iPhone;Система видит батарею как подлинную. После установки iPhone показывает состояние аккумулятора и не ругается на неоригинальную деталь. Лучший вариант для моделей от 12-го поколения. Гарантия 100 дней.;https://1iron.ru/uslugi.html
48a5b3c95fe9;Замена аккумулятора iPhone 12 mini — IC SMART (Под привязку, статус Б/У);3400;Ремонт iPhone;;https://1iron.ru/uslugi.html
e56daa3467d3;Замена аккумулятора iPhone 12 — IC SMART (Под привязку, статус Б/У);3400;Ремонт iPhone;;https://1iron.ru/uslugi.html
078e9d2d79e7;Замена аккумулятора iPhone 12 Pro — IC SMART (Под привязку, статус Б/У);3400;Ремонт iPhone;;https://1iron.ru/uslugi.html
6b7b4450ed20;Замена аккумулятора iPhone 12 Pro Max — IC SMART (Под привязку, статус Б/У);3700;Ремонт iPhone;;https://1iron.ru/uslugi.html
dfa24df2942f;Замена аккумулятора iPhone 13 — IC SMART (Под привязку, статус Б/У);4100;Ремонт iPhone;;https://1iron.ru/uslugi.html
e5197d03447b;Замена аккумулятора iPhone 13 mini — IC SMART (Под привязку, статус Б/У);4000;Ремонт iPhone;;https://1iron.ru/uslugi.html
92dc2d21ab34;Замена аккумулятора iPhone 13 Pro — IC SMART (Под привязку, статус Б/У);4300;Ремонт iPhone;;https://1iron.ru/uslugi.html
ea1bdb934c15;Замена аккумулятора iPhone 13 Pro Max — IC SMART (Под привязку, статус Б/У);4500;Ремонт iPhone;;https://1iron.ru/uslugi.html
d72a6a60d731;Замена аккумулятора iPhone 14 — IC SMART (Под привязку, статус Б/У);4500;Ремонт iPhone;;https://1iron.ru/uslugi.html
5a6e4e38f9e1;Замена аккумулятора iPhone 14 Pro — IC SMART (Под привязку, статус Б/У);4700;Ремонт iPhone;;https://1iron.ru/uslugi.html
3ea50b12e0b8;Замена аккумулятора iPhone 14 Pro Max — IC SMART (Под привязку, статус Б/У);4900;Ремонт iPhone;;https://1iron.ru/uslugi.html
70cc78cab088;Замена аккумулятора iPhone 15 — IC SMART (Под привязку, статус Б/У);4600;Ремонт iPhone;;https://1iron.ru/uslugi.html
615a3aa7e866;Замена аккумулятора iPhone 15 Pro — IC SMART (Под привязку, статус Б/У);4700;Ремонт iPhone;;https://1iron.ru/uslugi.html
51962bc0dcbb;Замена аккумулятора iPhone 15 Pro Max — IC SMART (Под привязку, статус Б/У);4900;Ремонт iPhone;;https://1iron.ru/uslugi.html
5cf9071e97c7;Замена аккумулятора iPhone 11 — IC STANDARD;3000;Ремонт iPhone;;https://1iron.ru/uslugi.html
69ffb8e8c960;Замена аккумулятора iPhone 11 Pro — IC STANDARD;3200;Ремонт iPhone;;https://1iron.ru/uslugi.html
ebf61c0e441f;Замена аккумулятора iPhone 11 Pro Max — IC STANDARD;3200;Ремонт iPhone;;https://1iron.ru/uslugi.html
ff927f2751c8;Замена аккумулятора iPhone 12 mini — IC STANDARD;3000;Ремонт iPhone;;https://1iron.ru/uslugi.html
809c3dcac011;Замена аккумулятора iPhone 12 — IC STANDARD;3100;Ремонт iPhone;;https://1iron.ru/uslugi.html
07d0796de2f1;Замена аккумулятора iPhone 12 Pro — IC STANDARD;3100;Ремонт iPhone;;https://1iron.ru/uslugi.html
9910d323dfb9;Замена аккумулятора iPhone 12 Pro Max — IC STANDARD;3200;Ремонт iPhone;;https://1iron.ru/uslugi.html
fce4da6f6072;Замена аккумулятора iPhone 13 — IC STANDARD;3700;Ремонт iPhone;;https://1iron.ru/uslugi.html
7505e52d612f;Замена аккумулятора iPhone 13 mini — IC STANDARD;3600;Ремонт iPhone;;https://1iron.ru/uslugi.html
997419036325;Замена аккумулятора iPhone 13 Pro — IC STANDARD;3900;Ремонт iPhone;;https://1iron.ru/uslugi.html
e08aafc6ccde;Замена аккумулятора iPhone 13 Pro Max — IC STANDARD;4000;Ремонт iPhone;;https://1iron.ru/uslugi.html
6f49b2a9c0b7;Замена аккумулятора iPhone 14 — IC STANDARD;4200;Ремонт iPhone;;https://1iron.ru/uslugi.html
fd9957e4c62d;Замена аккумулятора iPhone 14 Pro — IC STANDARD;4300;Ремонт iPhone;;https://1iron.ru/uslugi.html
6ca2aa4de223;Замена аккумулятора iPhone 14 Pro Max — IC STANDARD;4500;Ремонт iPhone;;https://1iron.ru/uslugi.html
3e70736e4923;Замена аккумулятора iPhone 15 — IC STANDARD;4200;Ремонт iPhone;;https://1iron.ru/uslugi.html
55e7d2030a03;Замена аккумулятора iPhone 15 Pro — IC STANDARD;4400;Ремонт iPhone;;https://1iron.ru/uslugi.html
44c4429b6f00;Замена аккумулятора iPhone 15 Pro Max — IC STANDARD;4500;Ремонт iPhone;;https://1iron.ru/uslugi.html
c4f6d1f97c30;Замена камеры iPhone 17 Pro — Камеры;11600;Ремонт iPhone;;https://1iron.ru/uslugi.html
aac0a6a0aa19;Замена камеры iPhone 17 Pro Max — Камеры;11600;Ремонт iPhone;;https://1iron.ru/uslugi.html
7b74c3b22322;Замена камеры iPhone 17 — Камеры;12600;Ремонт iPhone;;https://1iron.ru/uslugi.html
e458424ee205;Замена камеры iPhone 16 Pro Max — Камеры;11400;Ремонт iPhone;;https://1iron.ru/uslugi.html
18771c926635;Замена камеры iPhone 16 Pro — Камеры;11400;Ремонт iPhone;;https://1iron.ru/uslugi.html
88ca07ae8fb9;Замена камеры iPhone 16 — Камеры;8000;Ремонт iPhone;;https://1iron.ru/uslugi.html
007424612474;Замена камеры iPhone 15 Pro Max — Камеры;11200;Ремонт iPhone;;https://1iron.ru/uslugi.html
070d1af0ea4a;Замена камеры iPhone 15 Pro — Камеры;11200;Ремонт iPhone;;https://1iron.ru/uslugi.html
6f26173fa68b;Замена камеры iPhone 15 — Камеры;7000;Ремонт iPhone;;https://1iron.ru/uslugi.html
04c2c6cbc482;Замена камеры iPhone 14 Pro Max — Камеры;8600;Ремонт iPhone;;https://1iron.ru/uslugi.html
fd27f7fc4a78;Замена камеры iPhone 14 Pro — Камеры;10400;Ремонт iPhone;;https://1iron.ru/uslugi.html
e9332800355b;Замена камеры iPhone 14 — Камеры;7500;Ремонт iPhone;;https://1iron.ru/uslugi.html
662104147e9b;Замена камеры iPhone 13 Pro — Камеры;13000;Ремонт iPhone;;https://1iron.ru/uslugi.html
5109d3c00dc8;Замена камеры iPhone 13 Pro Max — Камеры;13000;Ремонт iPhone;;https://1iron.ru/uslugi.html
3847005202f8;Замена камеры iPhone 13 — Камеры;3300;Ремонт iPhone;;https://1iron.ru/uslugi.html
b1079463fe9c;Замена камеры iPhone 13 mini — Камеры;3300;Ремонт iPhone;;https://1iron.ru/uslugi.html
4348a2180135;Замена камеры iPhone 12 Pro Max — Камеры;9600;Ремонт iPhone;;https://1iron.ru/uslugi.html
c6e2d62b2471;Замена камеры iPhone 12 Pro — Камеры;10800;Ремонт iPhone;;https://1iron.ru/uslugi.html
ad9166263011;Замена камеры iPhone 12 — Камеры;4500;Ремонт iPhone;;https://1iron.ru/uslugi.html
6ebee655fe5c;Замена камеры iPhone 11 — Камеры;3000;Ремонт iPhone;;https://1iron.ru/uslugi.html
3ec47bc63676;Замена шлейфа iPhone 12 — Шлейфы кнопок и вспышки;1800;Ремонт iPhone;;https://1iron.ru/uslugi.html
e571f35bae62;Замена шлейфа iPhone 12 Pro — Шлейфы кнопок и вспышки;2000;Ремонт iPhone;;https://1iron.ru/uslugi.html
e2840e023a97;Замена шлейфа iPhone 12 Pro Max — Шлейфы кнопок и вспышки;1900;Ремонт iPhone;;https://1iron.ru/uslugi.html
9693b44cd782;Замена шлейфа iPhone 13 — Шлейфы кнопок и вспышки;1900;Ремонт iPhone;;https://1iron.ru/uslugi.html
5cde16628562;Замена шлейфа iPhone 13 Pro — Шлейфы кнопок и вспышки;2200;Ремонт iPhone;;https://1iron.ru/uslugi.html
fcff34ecdb58;Замена шлейфа iPhone 13 Pro Max — Шлейфы кнопок и вспышки;2600;Ремонт iPhone;;https://1iron.ru/uslugi.html
384099a10a34;Замена шлейфа iPhone 14 Pro — Шлейфы кнопок и вспышки;2200;Ремонт iPhone;;https://1iron.ru/uslugi.html
9fb231d55193;Замена шлейфа iPhone 14 Pro Max — Шлейфы кнопок и вспышки;2200;Ремонт iPhone;;https://1iron.ru/uslugi.html
296c368f9a58;Замена шлейфа iPhone 14 — Шлейфы кнопок и вспышки;2600;Ремонт iPhone;;https://1iron.ru/uslugi.html
40dfb1871089;Замена шлейфа iPhone 15 — Шлейфы кнопок и вспышки;2600;Ремонт iPhone;;https://1iron.ru/uslugi.html
fe56159aec50;Замена шлейфа iPhone 15 Pro — Шлейфы кнопок и вспышки;3300;Ремонт iPhone;;https://1iron.ru/uslugi.html
95f19b6d27ee;Замена шлейфа iPhone 15 Pro Max — Шлейфы кнопок и вспышки;4500;Ремонт iPhone;;https://1iron.ru/uslugi.html
9a11f6595dc1;Замена шлейфа iPhone 16 — Шлейфы кнопок и вспышки;3900;Ремонт iPhone;;https://1iron.ru/uslugi.html
767f6dd5b3db;Замена шлейфа iPhone 16 Pro — Шлейфы кнопок и вспышки;3900;Ремонт iPhone;;https://1iron.ru/uslugi.html
775a49d5789e;Замена шлейфа iPhone 16 Pro Max — Шлейфы кнопок и вспышки;4200;Ремонт iPhone;;https://1iron.ru/uslugi.html
5692ce5a8a9f;Замена шлейфа iPhone 11 — Шлейфы кнопок и вспышки;1800;Ремонт iPhone;;https://1iron.ru/uslugi.html
43367321f222;Замена шлейфа iPhone 11 Pro — Шлейфы кнопок и вспышки;1900;Ремонт iPhone;;https://1iron.ru/uslugi.html
b1575d1473ef;Замена шлейфа iPhone 11 Pro Max — Шлейфы кнопок и вспышки;1900;Ремонт iPhone;;https://1iron.ru/uslugi.html
296c368f9a58;Замена шлейфа iPhone 14 — Шлейфы кнопок и вспышки;1900;Ремонт iPhone;;https://1iron.ru/uslugi.html
40dfb1871089;Замена шлейфа iPhone 15 — Шлейфы кнопок и вспышки;1800;Ремонт iPhone;;https://1iron.ru/uslugi.html
9a11f6595dc1;Замена шлейфа iPhone 16 — Шлейфы кнопок и вспышки;2400;Ремонт iPhone;;https://1iron.ru/uslugi.html
767f6dd5b3db;Замена шлейфа iPhone 16 Pro — Шлейфы кнопок и вспышки;2400;Ремонт iPhone;;https://1iron.ru/uslugi.html
775a49d5789e;Замена шлейфа iPhone 16 Pro Max — Шлейфы кнопок и вспышки;2600;Ремонт iPhone;;https://1iron.ru/uslugi.html
fe56159aec50;Замена шлейфа iPhone 15 Pro — Шлейфы кнопок и вспышки;2200;Ремонт iPhone;;https://1iron.ru/uslugi.html
95f19b6d27ee;Замена шлейфа iPhone 15 Pro Max — Шлейфы кнопок и вспышки;2200;Ремонт iPhone;;https://1iron.ru/uslugi.html
3ec47bc63676;Замена шлейфа iPhone 12 — Шлейфы кнопок и вспышки;1900;Ремонт iPhone;;https://1iron.ru/uslugi.html
893dc6f6dc79;Замена шлейфа iPhone 12 mini — Шлейфы кнопок и вспышки;1900;Ремонт iPhone;;https://1iron.ru/uslugi.html
e571f35bae62;Замена шлейфа iPhone 12 Pro — Шлейфы кнопок и вспышки;1900;Ремонт iPhone;;https://1iron.ru/uslugi.html
9693b44cd782;Замена шлейфа iPhone 13 — Шлейфы кнопок и вспышки;2000;Ремонт iPhone;;https://1iron.ru/uslugi.html
5cde16628562;Замена шлейфа iPhone 13 Pro — Шлейфы кнопок и вспышки;1900;Ремонт iPhone;;https://1iron.ru/uslugi.html
fcff34ecdb58;Замена шлейфа iPhone 13 Pro Max — Шлейфы кнопок и вспышки;1900;Ремонт iPhone;;https://1iron.ru/uslugi.html
384099a10a34;Замена шлейфа iPhone 14 Pro — Шлейфы кнопок и вспышки;2300;Ремонт iPhone;;https://1iron.ru/uslugi.html
9fb231d55193;Замена шлейфа iPhone 14 Pro Max — Шлейфы кнопок и вспышки;2600;Ремонт iPhone;;https://1iron.ru/uslugi.html
43367321f222;Замена шлейфа iPhone 11 Pro — Шлейфы кнопок и вспышки;1800;Ремонт iPhone;;https://1iron.ru/uslugi.html
b1575d1473ef;Замена шлейфа iPhone 11 Pro Max — Шлейфы кнопок и вспышки;1800;Ремонт iPhone;;https://1iron.ru/uslugi.html
296c368f9a58;Замена шлейфа iPhone 14 — Шлейфы кнопок и вспышки;1800;Ремонт iPhone;;https://1iron.ru/uslugi.html
9a11f6595dc1;Замена шлейфа iPhone 16 — Шлейфы кнопок и вспышки;2000;Ремонт iPhone;;https://1iron.ru/uslugi.html
767f6dd5b3db;Замена шлейфа iPhone 16 Pro — Шлейфы кнопок и вспышки;2000;Ремонт iPhone;;https://1iron.ru/uslugi.html
775a49d5789e;Замена шлейфа iPhone 16 Pro Max — Шлейфы кнопок и вспышки;2000;Ремонт iPhone;;https://1iron.ru/uslugi.html
4d69b0af6f0f;Замена шлейфа iPhone 15 — Микрофон и барометр;1800;Ремонт iPhone;;https://1iron.ru/uslugi.html
62d67c0c1697;Замена шлейфа iPhone 16 — Микрофон и барометр;1900;Ремонт iPhone;;https://1iron.ru/uslugi.html
3b4258222991;Замена шлейфа iPhone 16 Pro — Микрофон и барометр;3000;Ремонт iPhone;;https://1iron.ru/uslugi.html
359a28d566bb;Замена шлейфа iPhone 16 Pro Max — Микрофон и барометр;3000;Ремонт iPhone;;https://1iron.ru/uslugi.html
17d234eed024;Замена шлейфа iPhone 13 — Шлейф с датчиком приближения и микрофоном;1900;Ремонт iPhone;;https://1iron.ru/uslugi.html
9d5ec4c3999f;Замена шлейфа iPhone 13 mini — Шлейф с датчиком приближения и микрофоном;1900;Ремонт iPhone;;https://1iron.ru/uslugi.html
3478f28ff06e;Замена шлейфа iPhone 13 Pro — Шлейф с датчиком приближения и микрофоном;1900;Ремонт iPhone;;https://1iron.ru/uslugi.html
667895c44222;Замена шлейфа iPhone 13 Pro Max — Шлейф с датчиком приближения и микрофоном;2200;Ремонт iPhone;;https://1iron.ru/uslugi.html
bb711fe66aeb;Замена шлейфа iPhone 14 — Шлейф с датчиком приближения и микрофоном;1900;Ремонт iPhone;;https://1iron.ru/uslugi.html
69fd5ca7bd63;Замена шлейфа iPhone 14 Pro — Шлейф с датчиком приближения и микрофоном;4500;Ремонт iPhone;;https://1iron.ru/uslugi.html
950ab5f82a42;Замена шлейфа iPhone 14 Pro Max — Шлейф с датчиком приближения и микрофоном;4500;Ремонт iPhone;;https://1iron.ru/uslugi.html
d1b142545eb5;Замена шлейфа iPhone 15 — Шлейф с датчиком приближения и микрофоном;2000;Ремонт iPhone;;https://1iron.ru/uslugi.html
2cbd6c92f97c;Замена шлейфа iPhone 15 Pro — Шлейф с датчиком приближения и микрофоном;2000;Ремонт iPhone;;https://1iron.ru/uslugi.html
9c5e0775a60f;Замена шлейфа iPhone 15 Pro Max — Шлейф с датчиком приближения и микрофоном;2000;Ремонт iPhone;;https://1iron.ru/uslugi.html
1d6f13211015;Замена шлейфа iPhone 16 — Шлейф с датчиком приближения и микрофоном;2400;Ремонт iPhone;;https://1iron.ru/uslugi.html
c2b66bf7d46a;Замена шлейфа iPhone 16 Pro — Шлейф с датчиком приближения и микрофоном;2000;Ремонт iPhone;;https://1iron.ru/uslugi.html
919e9dbabf36;Замена шлейфа iPhone 16 Pro Max — Шлейф с датчиком приближения и микрофоном;2000;Ремонт iPhone;;https://1iron.ru/uslugi.html
3ca018831ffe;Замена заднего стекла iPhone 8 — Большой вырез;2700;Ремонт iPhone;;https://1iron.ru/uslugi.html
ba83766b9da9;Замена заднего стекла iPhone 8 Plus — Большой вырез;2700;Ремонт iPhone;;https://1iron.ru/uslugi.html
39a8ead16430;Замена корпуса iPhone 17 Pro Max — Средняя часть;11800;Ремонт iPhone;;https://1iron.ru/uslugi.html
39a8ead16430;Замена корпуса iPhone 17 Pro Max — Средняя часть;9200;Ремонт iPhone;;https://1iron.ru/uslugi.html
5910e8c08e93;Замена корпуса iPhone 17 Pro — Средняя часть;11800;Ремонт iPhone;;https://1iron.ru/uslugi.html
5910e8c08e93;Замена корпуса iPhone 17 Pro — Средняя часть;9200;Ремонт iPhone;;https://1iron.ru/uslugi.html
2a1f45a91187;Замена корпуса iPhone 17 — Средняя часть;8000;Ремонт iPhone;;https://1iron.ru/uslugi.html
994d292b8e83;Замена корпуса iPhone 16 Pro Max — Средняя часть;7600;Ремонт iPhone;;https://1iron.ru/uslugi.html
006801673112;Замена корпуса iPhone 16 Pro — Средняя часть;7600;Ремонт iPhone;;https://1iron.ru/uslugi.html
2f6df3cc40e3;Замена корпуса iPhone 16 — Средняя часть;7400;Ремонт iPhone;;https://1iron.ru/uslugi.html
f143f5818227;Замена корпуса iPhone 15 Pro Max — Средняя часть;5600;Ремонт iPhone;;https://1iron.ru/uslugi.html
3f276f6ba6ea;Замена корпуса iPhone 15 Pro — Средняя часть;5600;Ремонт iPhone;;https://1iron.ru/uslugi.html
1e6b47dec86f;Замена корпуса iPhone 15 — Средняя часть;5500;Ремонт iPhone;;https://1iron.ru/uslugi.html
994cd3d25171;Замена корпуса iPhone 14 — Средняя часть;5200;Ремонт iPhone;;https://1iron.ru/uslugi.html
80f4aa498e33;Замена корпуса iPhone 14 Pro Max — Корпуса;8000;Ремонт iPhone;;https://1iron.ru/uslugi.html
630b160ccc4f;Замена корпуса iPhone 14 Pro — Корпуса;8000;Ремонт iPhone;;https://1iron.ru/uslugi.html
9e88f52a6b59;Замена корпуса iPhone 13 Pro Max — Корпуса;7200;Ремонт iPhone;;https://1iron.ru/uslugi.html
375cda0a8b35;Замена корпуса iPhone 13 Pro — Корпуса;7200;Ремонт iPhone;;https://1iron.ru/uslugi.html
789725c10fcc;Замена корпуса iPhone 13 mini — Корпуса;5700;Ремонт iPhone;;https://1iron.ru/uslugi.html
2039e85d1d02;Замена корпуса iPhone 13 — Корпуса;5600;Ремонт iPhone;;https://1iron.ru/uslugi.html
1f1ef70af8dc;Замена корпуса iPhone 12 Pro Max — Корпуса;7300;Ремонт iPhone;;https://1iron.ru/uslugi.html
93f9191952f9;Замена корпуса iPhone 12 Pro — Корпуса;7300;Ремонт iPhone;;https://1iron.ru/uslugi.html
0a7206279ab0;Замена корпуса iPhone 12 — Корпуса;5600;Ремонт iPhone;;https://1iron.ru/uslugi.html
15a99caf5964;Замена корпуса iPhone 12 mini — Корпуса;5600;Ремонт iPhone;;https://1iron.ru/uslugi.html
bea5b8295bbf;Замена корпуса iPhone 11 Pro Max — Корпуса;6300;Ремонт iPhone;;https://1iron.ru/uslugi.html
eb42afb25fbf;Замена корпуса iPhone 11 Pro — Корпуса;6300;Ремонт iPhone;;https://1iron.ru/uslugi.html
46cfa6f80673;Замена корпуса iPhone 11 — Корпуса;5200;Ремонт iPhone;;https://1iron.ru/uslugi.html
693b56260bbc;Замена корпуса iPhone SE 2020 — Корпуса;5000;Ремонт iPhone;;https://1iron.ru/uslugi.html
91e24cf88e18;Замена корпуса iPhone X — Корпуса;5200;Ремонт iPhone;;https://1iron.ru/uslugi.html
575709aba881;Замена корпуса iPhone XR — Корпуса;5000;Ремонт iPhone;;https://1iron.ru/uslugi.html
f0195fa80a51;Замена корпуса iPhone 8 Plus — Корпуса;4900;Ремонт iPhone;;https://1iron.ru/uslugi.html
3cbed8eb2b83;Замена корпуса iPhone 8 — Корпуса;4900;Ремонт iPhone;;https://1iron.ru/uslugi.html
828aad0f1307;Замена материнской платы iPhone 14 Pro — Без памяти;5200;Ремонт iPhone;;https://1iron.ru/uslugi.html
b385ab82f63b;Замена материнской платы iPhone 14 Pro Max — Без памяти;5000;Ремонт iPhone;;https://1iron.ru/uslugi.html
2e2976077f3c;Замена материнской платы iPhone 15 Pro — Без памяти;5400;Ремонт iPhone;;https://1iron.ru/uslugi.html
80bb63c040b8;Замена материнской платы iPhone 15 Pro Max — Без памяти;5400;Ремонт iPhone;;https://1iron.ru/uslugi.html
1941b04f17b8;Замена материнской платы iPhone 16 Pro — Без памяти;7200;Ремонт iPhone;;https://1iron.ru/uslugi.html
04de0ee6a38d;Замена материнской платы iPhone 16 Pro Max — Без памяти;7200;Ремонт iPhone;;https://1iron.ru/uslugi.html
b78a81be8e94;Замена материнской платы iPhone 17 Pro — Без памяти;12600;Ремонт iPhone;;https://1iron.ru/uslugi.html
87825676d1a6;Замена материнской платы iPhone 17 Pro Max — Без памяти;12600;Ремонт iPhone;;https://1iron.ru/uslugi.html
b62d8d7fbcaf;Замена стекла камеры iPhone 11 — Стёкла камер;1700;Ремонт iPhone;;https://1iron.ru/uslugi.html
1f6ccec6200f;Замена стекла камеры iPhone 11 Pro — Стёкла камер;1700;Ремонт iPhone;;https://1iron.ru/uslugi.html
889d838c38b9;Замена стекла камеры iPhone 11 Pro Max — Стёкла камер;1700;Ремонт iPhone;;https://1iron.ru/uslugi.html
afdf5e0cd6cd;Замена стекла камеры iPhone 12 Pro — Стёкла камер;1700;Ремонт iPhone;;https://1iron.ru/uslugi.html
521c09421538;Замена стекла камеры iPhone 12 Pro Max — Стёкла камер;1700;Ремонт iPhone;;https://1iron.ru/uslugi.html
5d6f29c4b788;Замена стекла камеры iPhone 13 — Стёкла камер;1700;Ремонт iPhone;;https://1iron.ru/uslugi.html
e090ac9b9496;Замена стекла камеры iPhone 13 Pro — Стёкла камер;1800;Ремонт iPhone;;https://1iron.ru/uslugi.html
cdd07db0c2db;Замена стекла камеры iPhone 13 Pro Max — Стёкла камер;1800;Ремонт iPhone;;https://1iron.ru/uslugi.html
89d17e8a0f07;Замена стекла камеры iPhone 14 — Стёкла камер;1800;Ремонт iPhone;;https://1iron.ru/uslugi.html
45cac283e771;Замена стекла камеры iPhone 14 Pro — Стёкла камер;1800;Ремонт iPhone;;https://1iron.ru/uslugi.html
5415a38d2757;Замена стекла камеры iPhone 14 Pro Max — Стёкла камер;1800;Ремонт iPhone;;https://1iron.ru/uslugi.html
c76e1f9ff588;Замена стекла камеры iPhone 15 — Стёкла камер;1800;Ремонт iPhone;;https://1iron.ru/uslugi.html
6b18b947c6eb;Замена стекла камеры iPhone 15 Pro Max — Стёкла камер;1800;Ремонт iPhone;;https://1iron.ru/uslugi.html
8967e46209eb;Замена сенсора iPhone 11 — G+OCA;3500;Ремонт iPhone;;https://1iron.ru/uslugi.html
a1078ea581b9;Замена сенсора iPhone 11 Pro — G+OCA;2600;Ремонт iPhone;;https://1iron.ru/uslugi.html
0fd37d19155f;Замена сенсора iPhone 11 Pro Max — G+OCA;3600;Ремонт iPhone;;https://1iron.ru/uslugi.html
35e4ac8f8266;Замена сенсора iPhone 12 — G+OCA;3600;Ремонт iPhone;;https://1iron.ru/uslugi.html
dbfaff5c52b4;Замена сенсора iPhone 12 Pro — G+OCA;3600;Ремонт iPhone;;https://1iron.ru/uslugi.html
6ad94a0e3d77;Замена сенсора iPhone X — G+OCA;3400;Ремонт iPhone;;https://1iron.ru/uslugi.html
b85fc41b382e;Замена сенсора iPhone XS — G+OCA;3400;Ремонт iPhone;;https://1iron.ru/uslugi.html
47aabbf00642;Замена сенсора iPhone XS Max — G+OCA;3500;Ремонт iPhone;;https://1iron.ru/uslugi.html
f582d66ca1e6;Замена сенсора iPhone XR — G+OCA;3500;Ремонт iPhone;;https://1iron.ru/uslugi.html
a1078ea581b9;Замена сенсора iPhone 11 Pro — G+OCA;3500;Ремонт iPhone;;https://1iron.ru/uslugi.html
0fd37d19155f;Замена сенсора iPhone 11 Pro Max — G+OCA;3700;Ремонт iPhone;;https://1iron.ru/uslugi.html
35e4ac8f8266;Замена сенсора iPhone 12 — G+OCA;3700;Ремонт iPhone;;https://1iron.ru/uslugi.html
dbfaff5c52b4;Замена сенсора iPhone 12 Pro — G+OCA;3700;Ремонт iPhone;;https://1iron.ru/uslugi.html
91a27a49dd98;Замена дисплея iPhone 16 Plus — 100% Original, без ошибки;19000;Ремонт iPhone;Оригинальный модуль Apple. Снятый с нового аппарата оригинальный дисплей. Цветопередача, яркость, запас по солнцу, True Tone и тактильность — как с завода. Дороже всех, но и разницы с новым телефоном не чувствуется. Гарантия 100 дней.;https://1iron.ru/uslugi.html
e331403701b7;Замена дисплея iPhone 16 Plus — SOFT OLED 60 Hz;10800;Ремонт iPhone;"Хорошая OLED-копия. Копия на OLED-матрице. Глубокий чёрный и правильные углы обзора, в быту разница с оригиналом почти не читается. Soft — на гибкой подложке, ближе к оригиналу по толщине и лучше переносит удар; Hard — на жёсткой, дешевле. Гарантия 30 дней.";https://1iron.ru/uslugi.html
fc2e29aef4bc;Замена дисплея iPhone 16 Plus — In-Cell TFT Full HD;7200;Ремонт iPhone;Бюджетная ЖК-копия. Самый доступный вариант. Экран рабочий и аккуратный, но это ЖК: чёрный ближе к тёмно-серому, углы обзора хуже, на ярком солнце читается тяжелее. Берут, когда важна цена или аппарат готовят к продаже. Гарантия 14 дней.;https://1iron.ru/uslugi.html
1fb5c0137bff;Замена аккумулятора iPhone 16 Plus — BOX;5700;Ремонт iPhone;Честная ёмкость, родной контроллер. Новая батарея с оригинальным контроллером. Ёмкость соответствует заявленной, зарядка ведёт себя штатно. Основной рабочий вариант для моделей до 12-го поколения. Гарантия 100 дней.;https://1iron.ru/uslugi.html
a4515ce0402a;Замена камеры iPhone 16 Plus — Камеры;8000;Ремонт iPhone;;https://1iron.ru/uslugi.html
f92b3f6fd095;Замена шлейфа iPhone 16 Plus — Шлейфы кнопок и вспышки;3900;Ремонт iPhone;;https://1iron.ru/uslugi.html
f92b3f6fd095;Замена шлейфа iPhone 16 Plus — Шлейфы кнопок и вспышки;2400;Ремонт iPhone;;https://1iron.ru/uslugi.html
f92b3f6fd095;Замена шлейфа iPhone 16 Plus — Шлейфы кнопок и вспышки;2000;Ремонт iPhone;;https://1iron.ru/uslugi.html
27fcf8d276a9;Замена шлейфа iPhone 16 Plus — Микрофон и барометр;1900;Ремонт iPhone;;https://1iron.ru/uslugi.html
4c46d547f70d;Замена шлейфа iPhone 16 Plus — Шлейф с датчиком приближения и микрофоном;2400;Ремонт iPhone;;https://1iron.ru/uslugi.html
34cf0daf30f9;Замена корпуса iPhone 16 Plus — Средняя часть;7400;Ремонт iPhone;;https://1iron.ru/uslugi.html
1cc6de82396c;Замена дисплея iPhone 16e — 100% Original, без ошибки;19000;Ремонт iPhone;Оригинальный модуль Apple. Снятый с нового аппарата оригинальный дисплей. Цветопередача, яркость, запас по солнцу, True Tone и тактильность — как с завода. Дороже всех, но и разницы с новым телефоном не чувствуется. Гарантия 100 дней.;https://1iron.ru/uslugi.html
2d4e98dd8947;Замена дисплея iPhone 16e — SOFT OLED 60 Hz;10800;Ремонт iPhone;"Хорошая OLED-копия. Копия на OLED-матрице. Глубокий чёрный и правильные углы обзора, в быту разница с оригиналом почти не читается. Soft — на гибкой подложке, ближе к оригиналу по толщине и лучше переносит удар; Hard — на жёсткой, дешевле. Гарантия 30 дней.";https://1iron.ru/uslugi.html
07a6e5eec5b2;Замена дисплея iPhone 16e — In-Cell TFT Full HD;7200;Ремонт iPhone;Бюджетная ЖК-копия. Самый доступный вариант. Экран рабочий и аккуратный, но это ЖК: чёрный ближе к тёмно-серому, углы обзора хуже, на ярком солнце читается тяжелее. Берут, когда важна цена или аппарат готовят к продаже. Гарантия 14 дней.;https://1iron.ru/uslugi.html
ceb68430ef55;Замена аккумулятора iPhone 16e — BOX;5700;Ремонт iPhone;Честная ёмкость, родной контроллер. Новая батарея с оригинальным контроллером. Ёмкость соответствует заявленной, зарядка ведёт себя штатно. Основной рабочий вариант для моделей до 12-го поколения. Гарантия 100 дней.;https://1iron.ru/uslugi.html
1ed1e29d0ebc;Замена камеры iPhone 16e — Камеры;8000;Ремонт iPhone;;https://1iron.ru/uslugi.html
a0c1bbfe41e6;Замена шлейфа iPhone 16e — Шлейфы кнопок и вспышки;3900;Ремонт iPhone;;https://1iron.ru/uslugi.html
a0c1bbfe41e6;Замена шлейфа iPhone 16e — Шлейфы кнопок и вспышки;2400;Ремонт iPhone;;https://1iron.ru/uslugi.html
a0c1bbfe41e6;Замена шлейфа iPhone 16e — Шлейфы кнопок и вспышки;2000;Ремонт iPhone;;https://1iron.ru/uslugi.html
cd44e44dd8c2;Замена шлейфа iPhone 16e — Микрофон и барометр;1900;Ремонт iPhone;;https://1iron.ru/uslugi.html
b6f95613c2de;Замена шлейфа iPhone 16e — Шлейф с датчиком приближения и микрофоном;2400;Ремонт iPhone;;https://1iron.ru/uslugi.html
25da502ae0cb;Замена корпуса iPhone 16e — Средняя часть;7400;Ремонт iPhone;;https://1iron.ru/uslugi.html
ea91f028f207;Замена дисплея iPhone 17e — 100% Original, без ошибки;25200;Ремонт iPhone;Оригинальный модуль Apple. Снятый с нового аппарата оригинальный дисплей. Цветопередача, яркость, запас по солнцу, True Tone и тактильность — как с завода. Дороже всех, но и разницы с новым телефоном не чувствуется. Гарантия 100 дней.;https://1iron.ru/uslugi.html
faac1f5cef80;Замена камеры iPhone 17e — Камеры;12600;Ремонт iPhone;;https://1iron.ru/uslugi.html
4dbe11942698;Замена корпуса iPhone 17e — Средняя часть;8000;Ремонт iPhone;;https://1iron.ru/uslugi.html
b6a342d036e9;Замена дисплея iPhone 14 Plus — 100% Original, без ошибки;22500;Ремонт iPhone;Оригинальный модуль Apple. Снятый с нового аппарата оригинальный дисплей. Цветопередача, яркость, запас по солнцу, True Tone и тактильность — как с завода. Дороже всех, но и разницы с новым телефоном не чувствуется. Гарантия 100 дней.;https://1iron.ru/uslugi.html
ced885f279e6;Замена дисплея iPhone 14 Plus — Orig LCD;10100;Ремонт iPhone;Оригинальная матрица с новым стеклом. Заводской переклей: матрица оригинального уровня с новым стеклом и сенсором. По картинке от оригинала практически неотличим — разницу видно разве что в лаборатории. Разумный выбор, когда оригинал дорог, а качество ронять не хочется. Гарантия 30 дней.;https://1iron.ru/uslugi.html
40cde635a8e2;Замена дисплея iPhone 14 Plus — SOFT OLED 120 Hz;9200;Ремонт iPhone;"Хорошая OLED-копия. Копия на OLED-матрице. Глубокий чёрный и правильные углы обзора, в быту разница с оригиналом почти не читается. Soft — на гибкой подложке, ближе к оригиналу по толщине и лучше переносит удар; Hard — на жёсткой, дешевле. Гарантия 30 дней.";https://1iron.ru/uslugi.html
ec34e0a4a518;Замена дисплея iPhone 14 Plus — Soft OLED 120 Hz,с привязкой, без ошибки;10000;Ремонт iPhone;"Хорошая OLED-копия. Копия на OLED-матрице. Глубокий чёрный и правильные углы обзора, в быту разница с оригиналом почти не читается. Soft — на гибкой подложке, ближе к оригиналу по толщине и лучше переносит удар; Hard — на жёсткой, дешевле. Гарантия 30 дней.";https://1iron.ru/uslugi.html
f8aae4abc4e7;Замена дисплея iPhone 14 Plus — In-Cell TFT Full HD;5600;Ремонт iPhone;Бюджетная ЖК-копия. Самый доступный вариант. Экран рабочий и аккуратный, но это ЖК: чёрный ближе к тёмно-серому, углы обзора хуже, на ярком солнце читается тяжелее. Берут, когда важна цена или аппарат готовят к продаже. Гарантия 14 дней.;https://1iron.ru/uslugi.html
0406a3e84be3;Замена аккумулятора iPhone 14 Plus — BOX;5400;Ремонт iPhone;Честная ёмкость, родной контроллер. Новая батарея с оригинальным контроллером. Ёмкость соответствует заявленной, зарядка ведёт себя штатно. Основной рабочий вариант для моделей до 12-го поколения. Гарантия 100 дней.;https://1iron.ru/uslugi.html
cd12ce032772;"Замена аккумулятора iPhone 14 Plus — АКБ под привязку статус ""Подлинный""";6200;Ремонт iPhone;Система видит батарею как подлинную. После установки iPhone показывает состояние аккумулятора и не ругается на неоригинальную деталь. Лучший вариант для моделей от 12-го поколения. Гарантия 100 дней.;https://1iron.ru/uslugi.html
25504fbc0b0c;Замена аккумулятора iPhone 14 Plus — IC SMART (Под привязку, статус Б/У);4900;Ремонт iPhone;;https://1iron.ru/uslugi.html
3914f127ffb0;Замена аккумулятора iPhone 14 Plus — IC STANDARD;4500;Ремонт iPhone;;https://1iron.ru/uslugi.html
2112a3f97c34;Замена камеры iPhone 14 Plus — Камеры;8600;Ремонт iPhone;;https://1iron.ru/uslugi.html
81f439afa6cf;Замена шлейфа iPhone 14 Plus — Шлейфы кнопок и вспышки;2200;Ремонт iPhone;;https://1iron.ru/uslugi.html
81f439afa6cf;Замена шлейфа iPhone 14 Plus — Шлейфы кнопок и вспышки;2600;Ремонт iPhone;;https://1iron.ru/uslugi.html
75b40c31b335;Замена шлейфа iPhone 14 Plus — Шлейф с датчиком приближения и микрофоном;4500;Ремонт iPhone;;https://1iron.ru/uslugi.html
a5de3b40d459;Замена корпуса iPhone 14 Plus — Корпуса;8000;Ремонт iPhone;;https://1iron.ru/uslugi.html
91e956ed389b;Замена материнской платы iPhone 14 Plus — Без памяти;5000;Ремонт iPhone;;https://1iron.ru/uslugi.html
0b64332c9711;Замена стекла камеры iPhone 14 Plus — Стёкла камер;1800;Ремонт iPhone;;https://1iron.ru/uslugi.html
ab238af2c524;Замена дисплея iPhone 15 Plus — 100% Original, без ошибки;15600;Ремонт iPhone;Оригинальный модуль Apple. Снятый с нового аппарата оригинальный дисплей. Цветопередача, яркость, запас по солнцу, True Tone и тактильность — как с завода. Дороже всех, но и разницы с новым телефоном не чувствуется. Гарантия 100 дней.;https://1iron.ru/uslugi.html
fdad37cd2fbc;Замена дисплея iPhone 15 Plus — Soft OLED 60 Hz;9800;Ремонт iPhone;"Хорошая OLED-копия. Копия на OLED-матрице. Глубокий чёрный и правильные углы обзора, в быту разница с оригиналом почти не читается. Soft — на гибкой подложке, ближе к оригиналу по толщине и лучше переносит удар; Hard — на жёсткой, дешевле. Гарантия 30 дней.";https://1iron.ru/uslugi.html
bf8ef2b44cde;Замена дисплея iPhone 15 Plus — In-Cell TFT Full HD;6600;Ремонт iPhone;Бюджетная ЖК-копия. Самый доступный вариант. Экран рабочий и аккуратный, но это ЖК: чёрный ближе к тёмно-серому, углы обзора хуже, на ярком солнце читается тяжелее. Берут, когда важна цена или аппарат готовят к продаже. Гарантия 14 дней.;https://1iron.ru/uslugi.html
332cffcf305c;Замена аккумулятора iPhone 15 Plus — BOX;5200;Ремонт iPhone;Честная ёмкость, родной контроллер. Новая батарея с оригинальным контроллером. Ёмкость соответствует заявленной, зарядка ведёт себя штатно. Основной рабочий вариант для моделей до 12-го поколения. Гарантия 100 дней.;https://1iron.ru/uslugi.html
c8ef379caaee;Замена аккумулятора iPhone 15 Plus — IC SMART (Под привязку, статус Б/У);4600;Ремонт iPhone;;https://1iron.ru/uslugi.html
e3f65353a54a;Замена аккумулятора iPhone 15 Plus — IC STANDARD;4200;Ремонт iPhone;;https://1iron.ru/uslugi.html
6a266524d2fd;Замена камеры iPhone 15 Plus — Камеры;7000;Ремонт iPhone;;https://1iron.ru/uslugi.html
8bb33ee7c407;Замена шлейфа iPhone 15 Plus — Шлейфы кнопок и вспышки;2600;Ремонт iPhone;;https://1iron.ru/uslugi.html
8bb33ee7c407;Замена шлейфа iPhone 15 Plus — Шлейфы кнопок и вспышки;1800;Ремонт iPhone;;https://1iron.ru/uslugi.html
44dfbcbd4b28;Замена шлейфа iPhone 15 Plus — Микрофон и барометр;1800;Ремонт iPhone;;https://1iron.ru/uslugi.html
f94857b1fd44;Замена шлейфа iPhone 15 Plus — Шлейф с датчиком приближения и микрофоном;2000;Ремонт iPhone;;https://1iron.ru/uslugi.html
bbeea0a96c39;Замена корпуса iPhone 15 Plus — Средняя часть;5500;Ремонт iPhone;;https://1iron.ru/uslugi.html
db15020b364e;Замена стекла камеры iPhone 15 Plus — Стёкла камер;1800;Ремонт iPhone;;https://1iron.ru/uslugi.html
31f8995c2cb2;Переклейка стекла дисплея iPhone 7;3000;Ремонт iPhone;;https://1iron.ru/uslugi.html
0311b3af6baa;Переклейка стекла дисплея iPhone 8;3600;Ремонт iPhone;;https://1iron.ru/uslugi.html
f0956de5f9af;Переклейка стекла дисплея iPhone 8 Plus;4400;Ремонт iPhone;;https://1iron.ru/uslugi.html
c13d1eebe4b3;Переклейка стекла дисплея iPhone X;5000;Ремонт iPhone;;https://1iron.ru/uslugi.html
4aac059f3b1a;Переклейка стекла дисплея iPhone XS;5500;Ремонт iPhone;;https://1iron.ru/uslugi.html
fd6e17bd6c2a;Переклейка стекла дисплея iPhone XS Max;8500;Ремонт iPhone;;https://1iron.ru/uslugi.html
84bed377d3bd;Переклейка стекла дисплея iPhone XR;5000;Ремонт iPhone;;https://1iron.ru/uslugi.html
740cee438ab2;Переклейка стекла дисплея iPhone 11;6300;Ремонт iPhone;;https://1iron.ru/uslugi.html
153d4905a4d7;Переклейка стекла дисплея iPhone 11 Pro;10500;Ремонт iPhone;;https://1iron.ru/uslugi.html
426c3b857492;Переклейка стекла дисплея iPhone 11 Pro Max;11000;Ремонт iPhone;;https://1iron.ru/uslugi.html
46f14548d00e;Переклейка стекла дисплея iPhone 12;7000;Ремонт iPhone;;https://1iron.ru/uslugi.html
c1cc69c750c5;Переклейка стекла дисплея iPhone 12 Pro;9500;Ремонт iPhone;;https://1iron.ru/uslugi.html
a91403440de8;Переклейка стекла дисплея iPhone 12 Pro Max;8000;Ремонт iPhone;;https://1iron.ru/uslugi.html
0165f1b318a1;Переклейка стекла дисплея iPhone 13;6000;Ремонт iPhone;;https://1iron.ru/uslugi.html
db1cec277008;Переклейка стекла дисплея iPhone 13 Pro;6500;Ремонт iPhone;;https://1iron.ru/uslugi.html
b71dc9cad5c7;Переклейка стекла дисплея iPhone 13 Pro Max;8000;Ремонт iPhone;;https://1iron.ru/uslugi.html
0f482bc94f95;Переклейка стекла дисплея iPhone 14;8000;Ремонт iPhone;;https://1iron.ru/uslugi.html
bc8cb3da39ee;Переклейка стекла дисплея iPhone 14 Pro;10000;Ремонт iPhone;;https://1iron.ru/uslugi.html
55481375f56b;Переклейка стекла дисплея iPhone 14 Pro Max;14000;Ремонт iPhone;;https://1iron.ru/uslugi.html
78dab0eb07c5;Переклейка стекла дисплея iPhone 15;8000;Ремонт iPhone;;https://1iron.ru/uslugi.html
97ea720e87e1;Переклейка стекла дисплея iPhone 15 Pro;8500;Ремонт iPhone;;https://1iron.ru/uslugi.html
27372f932bee;Переклейка стекла дисплея iPhone 15 Pro Max;12000;Ремонт iPhone;;https://1iron.ru/uslugi.html
fb10898607d2;Переклейка стекла дисплея iPhone 16;9000;Ремонт iPhone;;https://1iron.ru/uslugi.html
207b4fe3ea02;Переклейка стекла дисплея iPhone 16 Pro;11000;Ремонт iPhone;;https://1iron.ru/uslugi.html
2964d71664fb;Переклейка стекла дисплея iPhone 16 Pro Max;14000;Ремонт iPhone;;https://1iron.ru/uslugi.html
80bf8df83a18;Переклейка стекла дисплея iPhone 17;10000;Ремонт iPhone;;https://1iron.ru/uslugi.html
4b2ff83691e0;Переклейка стекла дисплея iPhone 17 Pro;13000;Ремонт iPhone;;https://1iron.ru/uslugi.html
4052812b98a9;Переклейка стекла дисплея iPhone 17 Pro Max;15000;Ремонт iPhone;;https://1iron.ru/uslugi.html
86c13a363f75;"Замена дисплея MacBook Air 11"" (2010–2015) — OEM в сборе";12400;Ремонт MacBook;Модуль в сборе с крышкой, неоригинальная упаковка. Дисплей идёт целиком с крышкой, петлями и шлейфами — менять быстрее и риск повредить что-то по дороге ниже. Гарантия 30 дней.;https://1iron.ru/uslugi.html
ba77eb5dd706;"Замена матрицы без крышки MacBook Air 11"" (2010–2015) — OEM";10300;Ремонт MacBook;Панель того же завода, без коробки Apple. Делается на том же производстве, что и оригинал (LG, BOE, AUO), но идёт без упаковки Apple. Гарантия 30 дней.;https://1iron.ru/uslugi.html
e499763c6525;"Замена дисплея MacBook Air 13"" Intel (2010–2020) — OEM в сборе";15000;Ремонт MacBook;Модуль в сборе с крышкой, неоригинальная упаковка. Дисплей идёт целиком с крышкой, петлями и шлейфами — менять быстрее и риск повредить что-то по дороге ниже. Гарантия 30 дней.;https://1iron.ru/uslugi.html
4b8399672029;"Замена матрицы без крышки MacBook Air 13"" Intel (2010–2020) — OEM";10900;Ремонт MacBook;Панель того же завода, без коробки Apple. Делается на том же производстве, что и оригинал (LG, BOE, AUO), но идёт без упаковки Apple. Гарантия 30 дней.;https://1iron.ru/uslugi.html
8991d8e94948;"Замена дисплея MacBook Air 13"" Intel (2010–2020) — Оригинал в сборе";12000;Ремонт MacBook;Оригинальный модуль с крышкой. Оригинальный дисплей целиком, в цвет корпуса. Самый дорогой вариант и самая длинная гарантия. Гарантия 100 дней.;https://1iron.ru/uslugi.html
5f2f47a51fd0;"Замена матрицы без крышки MacBook Air 13"" Intel (2010–2020) — AAA (копия)";14900;Ремонт MacBook;Качественная копия панели. Совместимая панель стороннего производителя. Дешевле всего, картинка хорошая, но цветопередача и запас яркости у оригинала выше. Гарантия 14 дней.;https://1iron.ru/uslugi.html
565bba1dbede;"Замена матрицы без крышки MacBook Air 13"" Intel (2010–2020) — Оригинал";14600;Ремонт MacBook;Оригинальная панель Apple. Заводская панель с оригинальным партномером. Максимальные яркость и цветопередача, самая длинная гарантия. Гарантия 100 дней.;https://1iron.ru/uslugi.html
d3a5c8182e8a;"Замена дисплея MacBook Air 13"" M1 — OEM в сборе";21000;Ремонт MacBook;Модуль в сборе с крышкой, неоригинальная упаковка. Дисплей идёт целиком с крышкой, петлями и шлейфами — менять быстрее и риск повредить что-то по дороге ниже. Гарантия 30 дней.;https://1iron.ru/uslugi.html
932626b7ae7f;"Замена матрицы без крышки MacBook Air 13"" M1 — OEM";20600;Ремонт MacBook;Панель того же завода, без коробки Apple. Делается на том же производстве, что и оригинал (LG, BOE, AUO), но идёт без упаковки Apple. Гарантия 30 дней.;https://1iron.ru/uslugi.html
dfbed28cd57b;"Замена матрицы без крышки MacBook Air 13"" M1 — Оригинал";22300;Ремонт MacBook;Оригинальная панель Apple. Заводская панель с оригинальным партномером. Максимальные яркость и цветопередача, самая длинная гарантия. Гарантия 100 дней.;https://1iron.ru/uslugi.html
7f27c09efd2f;"Замена дисплея MacBook Air 13"" M1 — Оригинал в сборе";41000;Ремонт MacBook;Оригинальный модуль с крышкой. Оригинальный дисплей целиком, в цвет корпуса. Самый дорогой вариант и самая длинная гарантия. Гарантия 100 дней.;https://1iron.ru/uslugi.html
7f9da2451844;"Замена матрицы без крышки MacBook Air 13"" M1 — AAA (копия)";19200;Ремонт MacBook;Качественная копия панели. Совместимая панель стороннего производителя. Дешевле всего, картинка хорошая, но цветопередача и запас яркости у оригинала выше. Гарантия 14 дней.;https://1iron.ru/uslugi.html
5935fd3ae203;"Замена дисплея MacBook Air 13"" M2 — OEM в сборе";26100;Ремонт MacBook;Модуль в сборе с крышкой, неоригинальная упаковка. Дисплей идёт целиком с крышкой, петлями и шлейфами — менять быстрее и риск повредить что-то по дороге ниже. Гарантия 30 дней.;https://1iron.ru/uslugi.html
9f4d9d47edde;"Замена матрицы без крышки MacBook Air 13"" M2 — OEM";22000;Ремонт MacBook;Панель того же завода, без коробки Apple. Делается на том же производстве, что и оригинал (LG, BOE, AUO), но идёт без упаковки Apple. Гарантия 30 дней.;https://1iron.ru/uslugi.html
a1bb97285bcb;"Замена матрицы без крышки MacBook Air 13"" M2 — Оригинал";24800;Ремонт MacBook;Оригинальная панель Apple. Заводская панель с оригинальным партномером. Максимальные яркость и цветопередача, самая длинная гарантия. Гарантия 100 дней.;https://1iron.ru/uslugi.html
69dbbb8a33f1;"Замена дисплея MacBook Air 13"" M2 — Оригинал в сборе";49000;Ремонт MacBook;Оригинальный модуль с крышкой. Оригинальный дисплей целиком, в цвет корпуса. Самый дорогой вариант и самая длинная гарантия. Гарантия 100 дней.;https://1iron.ru/uslugi.html
4afb643c09dc;"Замена дисплея MacBook Air 13"" M3 — OEM в сборе";26200;Ремонт MacBook;Модуль в сборе с крышкой, неоригинальная упаковка. Дисплей идёт целиком с крышкой, петлями и шлейфами — менять быстрее и риск повредить что-то по дороге ниже. Гарантия 30 дней.;https://1iron.ru/uslugi.html
0ec8381fd26c;"Замена матрицы без крышки MacBook Air 13"" M3 — OEM";22000;Ремонт MacBook;Панель того же завода, без коробки Apple. Делается на том же производстве, что и оригинал (LG, BOE, AUO), но идёт без упаковки Apple. Гарантия 30 дней.;https://1iron.ru/uslugi.html
b8b9aa89f9c6;"Замена матрицы без крышки MacBook Air 13"" M3 — Оригинал";24800;Ремонт MacBook;Оригинальная панель Apple. Заводская панель с оригинальным партномером. Максимальные яркость и цветопередача, самая длинная гарантия. Гарантия 100 дней.;https://1iron.ru/uslugi.html
848fc8eec9f6;"Замена дисплея MacBook Air 13"" M3 — Оригинал в сборе";48800;Ремонт MacBook;Оригинальный модуль с крышкой. Оригинальный дисплей целиком, в цвет корпуса. Самый дорогой вариант и самая длинная гарантия. Гарантия 100 дней.;https://1iron.ru/uslugi.html
d39e8e8a848c;"Замена дисплея MacBook Air 13"" M4 — OEM в сборе";29100;Ремонт MacBook;Модуль в сборе с крышкой, неоригинальная упаковка. Дисплей идёт целиком с крышкой, петлями и шлейфами — менять быстрее и риск повредить что-то по дороге ниже. Гарантия 30 дней.;https://1iron.ru/uslugi.html
8d8203f7be3c;"Замена матрицы без крышки MacBook Air 13"" M4 — OEM";22000;Ремонт MacBook;Панель того же завода, без коробки Apple. Делается на том же производстве, что и оригинал (LG, BOE, AUO), но идёт без упаковки Apple. Гарантия 30 дней.;https://1iron.ru/uslugi.html
420b0a127b96;"Замена дисплея MacBook Air 13"" M4 — Оригинал в сборе";56900;Ремонт MacBook;Оригинальный модуль с крышкой. Оригинальный дисплей целиком, в цвет корпуса. Самый дорогой вариант и самая длинная гарантия. Гарантия 100 дней.;https://1iron.ru/uslugi.html
2b424b243e7b;"Замена матрицы без крышки MacBook Air 13"" M4 — Оригинал";24800;Ремонт MacBook;Оригинальная панель Apple. Заводская панель с оригинальным партномером. Максимальные яркость и цветопередача, самая длинная гарантия. Гарантия 100 дней.;https://1iron.ru/uslugi.html
87f6a50c4356;"Замена дисплея MacBook Air 15"" M2–M4 — OEM в сборе";30800;Ремонт MacBook;Модуль в сборе с крышкой, неоригинальная упаковка. Дисплей идёт целиком с крышкой, петлями и шлейфами — менять быстрее и риск повредить что-то по дороге ниже. Гарантия 30 дней.;https://1iron.ru/uslugi.html
7ed0473c5013;"Замена матрицы без крышки MacBook Air 15"" M2–M4 — OEM";23500;Ремонт MacBook;Панель того же завода, без коробки Apple. Делается на том же производстве, что и оригинал (LG, BOE, AUO), но идёт без упаковки Apple. Гарантия 30 дней.;https://1iron.ru/uslugi.html
3ad7ae403d53;"Замена дисплея MacBook Air 15"" M2–M4 — Оригинал в сборе";50900;Ремонт MacBook;Оригинальный модуль с крышкой. Оригинальный дисплей целиком, в цвет корпуса. Самый дорогой вариант и самая длинная гарантия. Гарантия 100 дней.;https://1iron.ru/uslugi.html
291a960f709f;"Замена матрицы без крышки MacBook Air 15"" M2–M4 — Оригинал";24900;Ремонт MacBook;Оригинальная панель Apple. Заводская панель с оригинальным партномером. Максимальные яркость и цветопередача, самая длинная гарантия. Гарантия 100 дней.;https://1iron.ru/uslugi.html
d93375f708a5;"Замена дисплея MacBook Pro 13"" (2009–2015) — OEM в сборе";11100;Ремонт MacBook;Модуль в сборе с крышкой, неоригинальная упаковка. Дисплей идёт целиком с крышкой, петлями и шлейфами — менять быстрее и риск повредить что-то по дороге ниже. Гарантия 30 дней.;https://1iron.ru/uslugi.html
77a1c2d05341;"Замена матрицы без крышки MacBook Pro 13"" (2009–2015) — OEM";9500;Ремонт MacBook;Панель того же завода, без коробки Apple. Делается на том же производстве, что и оригинал (LG, BOE, AUO), но идёт без упаковки Apple. Гарантия 30 дней.;https://1iron.ru/uslugi.html
9a529085468f;"Замена дисплея MacBook Pro 15"" (2008–2015) — OEM в сборе";11100;Ремонт MacBook;Модуль в сборе с крышкой, неоригинальная упаковка. Дисплей идёт целиком с крышкой, петлями и шлейфами — менять быстрее и риск повредить что-то по дороге ниже. Гарантия 30 дней.;https://1iron.ru/uslugi.html
e9e0863d79ce;"Замена матрицы без крышки MacBook Pro 15"" (2008–2015) — OEM";10500;Ремонт MacBook;Панель того же завода, без коробки Apple. Делается на том же производстве, что и оригинал (LG, BOE, AUO), но идёт без упаковки Apple. Гарантия 30 дней.;https://1iron.ru/uslugi.html
37b24d42eb82;"Замена дисплея MacBook Pro 15"" (2008–2015) — Оригинал в сборе";27000;Ремонт MacBook;Оригинальный модуль с крышкой. Оригинальный дисплей целиком, в цвет корпуса. Самый дорогой вариант и самая длинная гарантия. Гарантия 100 дней.;https://1iron.ru/uslugi.html
9f480deffc86;"Замена дисплея MacBook Pro 13"" Intel (2016–2020) — OEM в сборе";20100;Ремонт MacBook;Модуль в сборе с крышкой, неоригинальная упаковка. Дисплей идёт целиком с крышкой, петлями и шлейфами — менять быстрее и риск повредить что-то по дороге ниже. Гарантия 30 дней.;https://1iron.ru/uslugi.html
4a9db0b1827d;"Замена матрицы без крышки MacBook Pro 13"" Intel (2016–2020) — OEM";20000;Ремонт MacBook;Панель того же завода, без коробки Apple. Делается на том же производстве, что и оригинал (LG, BOE, AUO), но идёт без упаковки Apple. Гарантия 30 дней.;https://1iron.ru/uslugi.html
be6762e41592;"Замена матрицы без крышки MacBook Pro 13"" Intel (2016–2020) — Оригинал";24000;Ремонт MacBook;Оригинальная панель Apple. Заводская панель с оригинальным партномером. Максимальные яркость и цветопередача, самая длинная гарантия. Гарантия 100 дней.;https://1iron.ru/uslugi.html
9602cc11a79d;"Замена матрицы без крышки MacBook Pro 13"" Intel (2016–2020) — AAA (копия)";18800;Ремонт MacBook;Качественная копия панели. Совместимая панель стороннего производителя. Дешевле всего, картинка хорошая, но цветопередача и запас яркости у оригинала выше. Гарантия 14 дней.;https://1iron.ru/uslugi.html
3cd5230abd2d;"Замена дисплея MacBook Pro 15"" Intel (2016–2019) — OEM в сборе";30600;Ремонт MacBook;Модуль в сборе с крышкой, неоригинальная упаковка. Дисплей идёт целиком с крышкой, петлями и шлейфами — менять быстрее и риск повредить что-то по дороге ниже. Гарантия 30 дней.;https://1iron.ru/uslugi.html
d91b37da2a7e;"Замена матрицы без крышки MacBook Pro 15"" Intel (2016–2019) — OEM";26200;Ремонт MacBook;Панель того же завода, без коробки Apple. Делается на том же производстве, что и оригинал (LG, BOE, AUO), но идёт без упаковки Apple. Гарантия 30 дней.;https://1iron.ru/uslugi.html
b6e121e64a0f;"Замена дисплея MacBook Pro 15"" Intel (2016–2019) — Оригинал в сборе";58000;Ремонт MacBook;Оригинальный модуль с крышкой. Оригинальный дисплей целиком, в цвет корпуса. Самый дорогой вариант и самая длинная гарантия. Гарантия 100 дней.;https://1iron.ru/uslugi.html
54f2de072a92;"Замена дисплея MacBook Pro 16"" Intel (2019) — OEM в сборе";40900;Ремонт MacBook;Модуль в сборе с крышкой, неоригинальная упаковка. Дисплей идёт целиком с крышкой, петлями и шлейфами — менять быстрее и риск повредить что-то по дороге ниже. Гарантия 30 дней.;https://1iron.ru/uslugi.html
a7a830310d02;"Замена матрицы без крышки MacBook Pro 16"" Intel (2019) — OEM";32200;Ремонт MacBook;Панель того же завода, без коробки Apple. Делается на том же производстве, что и оригинал (LG, BOE, AUO), но идёт без упаковки Apple. Гарантия 30 дней.;https://1iron.ru/uslugi.html
22ff2eea0759;"Замена дисплея MacBook Pro 16"" Intel (2019) — Оригинал в сборе";51000;Ремонт MacBook;Оригинальный модуль с крышкой. Оригинальный дисплей целиком, в цвет корпуса. Самый дорогой вариант и самая длинная гарантия. Гарантия 100 дней.;https://1iron.ru/uslugi.html
948028e5ae5d;"Замена дисплея MacBook Pro 13"" M1/M2 — OEM в сборе";23000;Ремонт MacBook;Модуль в сборе с крышкой, неоригинальная упаковка. Дисплей идёт целиком с крышкой, петлями и шлейфами — менять быстрее и риск повредить что-то по дороге ниже. Гарантия 30 дней.;https://1iron.ru/uslugi.html
647af015a4bf;"Замена матрицы без крышки MacBook Pro 13"" M1/M2 — OEM";22400;Ремонт MacBook;Панель того же завода, без коробки Apple. Делается на том же производстве, что и оригинал (LG, BOE, AUO), но идёт без упаковки Apple. Гарантия 30 дней.;https://1iron.ru/uslugi.html
d34cc802d742;"Замена матрицы без крышки MacBook Pro 13"" M1/M2 — Оригинал";26400;Ремонт MacBook;Оригинальная панель Apple. Заводская панель с оригинальным партномером. Максимальные яркость и цветопередача, самая длинная гарантия. Гарантия 100 дней.;https://1iron.ru/uslugi.html
33f673e45d29;"Замена дисплея MacBook Pro 13"" M1/M2 — Оригинал в сборе";42000;Ремонт MacBook;Оригинальный модуль с крышкой. Оригинальный дисплей целиком, в цвет корпуса. Самый дорогой вариант и самая длинная гарантия. Гарантия 100 дней.;https://1iron.ru/uslugi.html
656f39596920;"Замена матрицы без крышки MacBook Pro 13"" M1/M2 — AAA (копия)";21100;Ремонт MacBook;Качественная копия панели. Совместимая панель стороннего производителя. Дешевле всего, картинка хорошая, но цветопередача и запас яркости у оригинала выше. Гарантия 14 дней.;https://1iron.ru/uslugi.html
642403a9f484;"Замена дисплея MacBook Pro 14"" M1–M5 — OEM в сборе";40400;Ремонт MacBook;Модуль в сборе с крышкой, неоригинальная упаковка. Дисплей идёт целиком с крышкой, петлями и шлейфами — менять быстрее и риск повредить что-то по дороге ниже. Гарантия 30 дней.;https://1iron.ru/uslugi.html
1d680fa7991b;"Замена матрицы без крышки MacBook Pro 14"" M1–M5 — OEM";42400;Ремонт MacBook;Панель того же завода, без коробки Apple. Делается на том же производстве, что и оригинал (LG, BOE, AUO), но идёт без упаковки Apple. Гарантия 30 дней.;https://1iron.ru/uslugi.html
1bfd220e3d84;"Замена дисплея MacBook Pro 14"" M1–M5 — Оригинал в сборе";70000;Ремонт MacBook;Оригинальный модуль с крышкой. Оригинальный дисплей целиком, в цвет корпуса. Самый дорогой вариант и самая длинная гарантия. Гарантия 100 дней.;https://1iron.ru/uslugi.html
9c618aeb537e;"Замена матрицы без крышки MacBook Pro 14"" M1–M5 — Оригинал";38300;Ремонт MacBook;Оригинальная панель Apple. Заводская панель с оригинальным партномером. Максимальные яркость и цветопередача, самая длинная гарантия. Гарантия 100 дней.;https://1iron.ru/uslugi.html
50d7c5759a2b;"Замена дисплея MacBook Pro 16"" M1–M5 — OEM в сборе";51900;Ремонт MacBook;Модуль в сборе с крышкой, неоригинальная упаковка. Дисплей идёт целиком с крышкой, петлями и шлейфами — менять быстрее и риск повредить что-то по дороге ниже. Гарантия 30 дней.;https://1iron.ru/uslugi.html
75a575ed62a9;"Замена матрицы без крышки MacBook Pro 16"" M1–M5 — OEM";40600;Ремонт MacBook;Панель того же завода, без коробки Apple. Делается на том же производстве, что и оригинал (LG, BOE, AUO), но идёт без упаковки Apple. Гарантия 30 дней.;https://1iron.ru/uslugi.html
024fa49ae02c;"Замена дисплея MacBook Pro 16"" M1–M5 — Оригинал в сборе";73000;Ремонт MacBook;Оригинальный модуль с крышкой. Оригинальный дисплей целиком, в цвет корпуса. Самый дорогой вариант и самая длинная гарантия. Гарантия 100 дней.;https://1iron.ru/uslugi.html
8bdba5f99075;"Замена матрицы без крышки MacBook Pro 16"" M1–M5 — Оригинал";42700;Ремонт MacBook;Оригинальная панель Apple. Заводская панель с оригинальным партномером. Максимальные яркость и цветопередача, самая длинная гарантия. Гарантия 100 дней.;https://1iron.ru/uslugi.html
3abc7d31d2ac;"Переклейка стекла дисплея MacBook Air 13"" M1";10000;Ремонт MacBook;;https://1iron.ru/uslugi.html
84f69f8999ed;"Переклейка стекла дисплея MacBook Air 13"" M2";12000;Ремонт MacBook;;https://1iron.ru/uslugi.html
ea140e0c150b;"Переклейка стекла дисплея MacBook Air 13"" M3";14000;Ремонт MacBook;;https://1iron.ru/uslugi.html
d1ad158bc2ca;"Переклейка стекла дисплея MacBook Air 13"" M4";16000;Ремонт MacBook;;https://1iron.ru/uslugi.html
4158aaef434a;"Переклейка стекла дисплея MacBook Air 15"" M2–M4";18000;Ремонт MacBook;;https://1iron.ru/uslugi.html
b66f5481168f;"Переклейка стекла дисплея MacBook Pro 13"" M1/M2";12000;Ремонт MacBook;;https://1iron.ru/uslugi.html
9af3511ba0e2;"Переклейка стекла дисплея MacBook Pro 14"" M1–M5";18000;Ремонт MacBook;;https://1iron.ru/uslugi.html
47015d395e98;"Переклейка стекла дисплея MacBook Pro 16"" M1–M5";25000;Ремонт MacBook;;https://1iron.ru/uslugi.html
c7451c8c843e;"Замена дисплея iMac 21.5"" Intel";15000;Ремонт iMac;;https://1iron.ru/uslugi.html
bb1fa25d5d8d;"Замена дисплея iMac 27"" Intel";15000;Ремонт iMac;;https://1iron.ru/uslugi.html
73d0862a285b;"Замена дисплея iMac 24"" M1 и новее";15000;Ремонт iMac;;https://1iron.ru/uslugi.html
1c28c9ab6be9;Замена дисплея iPad;3500;Ремонт iPad;;https://1iron.ru/uslugi.html
0fc29136d6e5;Замена дисплея Ноутбуки на Windows;7000;Ремонт ноутбуков;;https://1iron.ru/uslugi.html
591ecb13b053;Замена дисплея Смартфон Android;1900;Ремонт смартфонов Android;;https://1iron.ru/uslugi.html
bb1ef6054f0c;"Замена аккумулятора MacBook Air 11"" (2010–2015)";7100;Ремонт MacBook;;https://1iron.ru/uslugi.html
ea01eec18e82;"Замена аккумулятора MacBook Air 13"" Intel (2010–2020)";6700;Ремонт MacBook;;https://1iron.ru/uslugi.html
89482ec255f3;"Замена аккумулятора MacBook Air 13"" M1";7700;Ремонт MacBook;;https://1iron.ru/uslugi.html
fc7c2019c420;"Замена аккумулятора MacBook Air 13"" M2";8500;Ремонт MacBook;;https://1iron.ru/uslugi.html
cf3cc1f3c72d;"Замена аккумулятора MacBook Air 13"" M3";8500;Ремонт MacBook;;https://1iron.ru/uslugi.html
d4ba56e574a3;"Замена аккумулятора MacBook Air 13"" M4";13600;Ремонт MacBook;;https://1iron.ru/uslugi.html
783e04011af6;"Замена аккумулятора MacBook Air 15"" M2–M4";10300;Ремонт MacBook;;https://1iron.ru/uslugi.html
468be6b5326c;"Замена аккумулятора MacBook Pro 13"" (2009–2015)";6500;Ремонт MacBook;;https://1iron.ru/uslugi.html
8c8142c19ee1;"Замена аккумулятора MacBook Pro 15"" (2008–2015)";6800;Ремонт MacBook;;https://1iron.ru/uslugi.html
bb253451cac2;"Замена аккумулятора MacBook Pro 13"" Intel (2016–2020)";7300;Ремонт MacBook;;https://1iron.ru/uslugi.html
bf17f56e339c;"Замена аккумулятора MacBook Pro 15"" Intel (2016–2019)";8000;Ремонт MacBook;;https://1iron.ru/uslugi.html
2faacc85bb90;"Замена аккумулятора MacBook Pro 16"" Intel (2019)";8700;Ремонт MacBook;;https://1iron.ru/uslugi.html
0e570b0f4aa8;"Замена аккумулятора MacBook Pro 13"" M1/M2";7700;Ремонт MacBook;;https://1iron.ru/uslugi.html
93076daf55e4;"Замена аккумулятора MacBook Pro 14"" M1–M5";9000;Ремонт MacBook;;https://1iron.ru/uslugi.html
859f7e50e91e;"Замена аккумулятора MacBook Pro 16"" M1–M5";9100;Ремонт MacBook;;https://1iron.ru/uslugi.html
e06c41e5aeda;Замена аккумулятора iPad;2300;Ремонт iPad;;https://1iron.ru/uslugi.html
4781c72094a7;Замена аккумулятора Ноутбуки на Windows;2000;Ремонт ноутбуков;;https://1iron.ru/uslugi.html
bc60eabfecf5;Замена аккумулятора Смартфон Android;3500;Ремонт смартфонов Android;;https://1iron.ru/uslugi.html
3028c70d9659;Профилактика Mac mini;3500;Ремонт Mac mini;;https://1iron.ru/uslugi.html
22b776d42588;Профилактика Ноутбуки на Windows;3000;Ремонт ноутбуков;;https://1iron.ru/uslugi.html
59032a49a830;Профилактика Смартфон Android;3000;Ремонт смартфонов Android;;https://1iron.ru/uslugi.html
d100b7bb5552;Профилактика ПК / системный блок;3000;Ремонт компьютеров;;https://1iron.ru/uslugi.html
280e1ef4ec60;"Установка ПО MacBook Air 11"" (2010–2015)";1500;Ремонт iPhone;;https://1iron.ru/uslugi.html
9b90626c01fa;"Установка ПО MacBook Air 13"" Intel (2010–2020)";1500;Ремонт iPhone;;https://1iron.ru/uslugi.html
b08ec2bed24d;"Установка ПО MacBook Air 13"" M1";1500;Ремонт iPhone;;https://1iron.ru/uslugi.html
0cc079bbb54a;"Установка ПО MacBook Air 13"" M2";1500;Ремонт iPhone;;https://1iron.ru/uslugi.html
470cdf7c1ac3;"Установка ПО MacBook Air 13"" M3";1500;Ремонт iPhone;;https://1iron.ru/uslugi.html
971eb978d23d;"Установка ПО MacBook Air 13"" M4";1500;Ремонт iPhone;;https://1iron.ru/uslugi.html
7bd5105f7322;"Установка ПО MacBook Air 15"" M2–M4";1500;Ремонт iPhone;;https://1iron.ru/uslugi.html
7e4b42c71977;"Установка ПО MacBook Pro 13"" (2009–2015)";1500;Ремонт iPhone;;https://1iron.ru/uslugi.html
bea632298e3d;"Установка ПО MacBook Pro 13"" Intel (2016–2020)";1500;Ремонт iPhone;;https://1iron.ru/uslugi.html
06af0b38e343;"Установка ПО MacBook Pro 13"" M1/M2";1500;Ремонт iPhone;;https://1iron.ru/uslugi.html
f281d74dad35;"Установка ПО MacBook Pro 14"" M1–M5";1500;Ремонт iPhone;;https://1iron.ru/uslugi.html
8f48d95016b2;"Установка ПО MacBook Pro 15"" (2008–2015)";1500;Ремонт iPhone;;https://1iron.ru/uslugi.html
3ae8460255c1;"Установка ПО MacBook Pro 15"" Intel (2016–2019)";1500;Ремонт iPhone;;https://1iron.ru/uslugi.html
cbe1f32b7ab9;"Установка ПО MacBook Pro 16"" Intel (2019)";1500;Ремонт iPhone;;https://1iron.ru/uslugi.html
7d294372bcb5;"Установка ПО MacBook Pro 16"" M1–M5";1500;Ремонт iPhone;;https://1iron.ru/uslugi.html
39ad84f4cd58;Установка ПО iPhone 11;1500;Ремонт iPhone;;https://1iron.ru/uslugi.html
a90ec8fb9043;Установка ПО iPhone 11 Pro;1500;Ремонт iPhone;;https://1iron.ru/uslugi.html
64c48c917cf9;Установка ПО iPhone 11 Pro Max;1500;Ремонт iPhone;;https://1iron.ru/uslugi.html
cb581bb9c2ad;Установка ПО iPhone 12;1500;Ремонт iPhone;;https://1iron.ru/uslugi.html
31aeaaba480c;Установка ПО iPhone 12 Pro;1500;Ремонт iPhone;;https://1iron.ru/uslugi.html
06221eadb7b5;Установка ПО iPhone 12 Pro Max;1500;Ремонт iPhone;;https://1iron.ru/uslugi.html
d0521797ecc9;Установка ПО iPhone 12 mini;1500;Ремонт iPhone;;https://1iron.ru/uslugi.html
ca3d673ac47f;Установка ПО iPhone 13;1500;Ремонт iPhone;;https://1iron.ru/uslugi.html
456496c4098e;Установка ПО iPhone 13 Pro;1500;Ремонт iPhone;;https://1iron.ru/uslugi.html
179dca4f691f;Установка ПО iPhone 13 Pro Max;1500;Ремонт iPhone;;https://1iron.ru/uslugi.html
ff427a554dbc;Установка ПО iPhone 13 mini;1500;Ремонт iPhone;;https://1iron.ru/uslugi.html
a6481cbbb184;Установка ПО iPhone 14;1500;Ремонт iPhone;;https://1iron.ru/uslugi.html
3ca8e0bb161e;Установка ПО iPhone 14 Plus;1500;Ремонт iPhone;;https://1iron.ru/uslugi.html
d3014f00cb76;Установка ПО iPhone 14 Pro;1500;Ремонт iPhone;;https://1iron.ru/uslugi.html
cbbc8318b714;Установка ПО iPhone 14 Pro Max;1500;Ремонт iPhone;;https://1iron.ru/uslugi.html
7afce459aab8;Установка ПО iPhone 15;1500;Ремонт iPhone;;https://1iron.ru/uslugi.html
81760138f6a6;Установка ПО iPhone 15 Plus;1500;Ремонт iPhone;;https://1iron.ru/uslugi.html
4397500588f2;Установка ПО iPhone 15 Pro;1500;Ремонт iPhone;;https://1iron.ru/uslugi.html
02ced30086fc;Установка ПО iPhone 15 Pro Max;1500;Ремонт iPhone;;https://1iron.ru/uslugi.html
780cae38c7af;Установка ПО iPhone 16;1500;Ремонт iPhone;;https://1iron.ru/uslugi.html
025625984de5;Установка ПО iPhone 16 Plus;1500;Ремонт iPhone;;https://1iron.ru/uslugi.html
e7cf1b002d7c;Установка ПО iPhone 16 Pro;1500;Ремонт iPhone;;https://1iron.ru/uslugi.html
21cfc9e001fc;Установка ПО iPhone 16 Pro Max;1500;Ремонт iPhone;;https://1iron.ru/uslugi.html
8bce0d9a7d5b;Установка ПО iPhone 16e;1500;Ремонт iPhone;;https://1iron.ru/uslugi.html
0af397de010e;Установка ПО iPhone 17;1500;Ремонт iPhone;;https://1iron.ru/uslugi.html
e8296e0f8c45;Установка ПО iPhone 17 Pro;1500;Ремонт iPhone;;https://1iron.ru/uslugi.html
116a2fb53ce8;Установка ПО iPhone 17 Pro Max;1500;Ремонт iPhone;;https://1iron.ru/uslugi.html
3078acb166af;Установка ПО iPhone 17e;1500;Ремонт iPhone;;https://1iron.ru/uslugi.html
1948456babf1;Установка ПО iPhone 7;1500;Ремонт iPhone;;https://1iron.ru/uslugi.html
4310cb829a02;Установка ПО iPhone 7 Plus;1500;Ремонт iPhone;;https://1iron.ru/uslugi.html
da61d6a161d9;Установка ПО iPhone 8;1500;Ремонт iPhone;;https://1iron.ru/uslugi.html
bf257912cede;Установка ПО iPhone 8 Plus;1500;Ремонт iPhone;;https://1iron.ru/uslugi.html
ee4b2dabd99d;Установка ПО iPhone SE 2020;1500;Ремонт iPhone;;https://1iron.ru/uslugi.html
53b0df5f3bef;Установка ПО iPhone SE 2022;1500;Ремонт iPhone;;https://1iron.ru/uslugi.html
e6d94d3259b8;Установка ПО iPhone X;1500;Ремонт iPhone;;https://1iron.ru/uslugi.html
63807c65da6c;Установка ПО iPhone XR;1500;Ремонт iPhone;;https://1iron.ru/uslugi.html
61977379804b;Установка ПО iPhone XS;1500;Ремонт iPhone;;https://1iron.ru/uslugi.html
8f6f91d9e5fd;Установка ПО iPhone XS Max;1500;Ремонт iPhone;;https://1iron.ru/uslugi.html
4b4949fc3ada;"Установка ПО iMac 21.5"" Intel";4000;Ремонт iMac;;https://1iron.ru/uslugi.html
08c1dae1f0d5;"Установка ПО iMac 27"" Intel";4000;Ремонт iMac;;https://1iron.ru/uslugi.html
f7f43545ac7e;"Установка ПО iMac 24"" M1 и новее";4000;Ремонт iMac;;https://1iron.ru/uslugi.html
62dc04e7582d;Установка ПО iPad;1500;Ремонт iPad;;https://1iron.ru/uslugi.html
d9b4b6020dce;Установка ПО Ноутбуки на Windows;3000;Ремонт ноутбуков;;https://1iron.ru/uslugi.html
9c81e9ba2742;Установка ПО Смартфон Android;2500;Ремонт смартфонов Android;;https://1iron.ru/uslugi.html
62635bb89d12;Установка ПО ПК / системный блок;3000;Ремонт компьютеров;;https://1iron.ru/uslugi.html
5589f9bc10b9;"Ремонт платы MacBook Air 11"" (2010–2015)";7000;Ремонт MacBook;;https://1iron.ru/uslugi.html
4af3cf6515af;"Ремонт платы MacBook Air 13"" Intel (2010–2020)";7000;Ремонт MacBook;;https://1iron.ru/uslugi.html
ae6289caf118;"Ремонт платы MacBook Air 13"" M1";7000;Ремонт MacBook;;https://1iron.ru/uslugi.html
6507a72c3115;"Ремонт платы MacBook Air 13"" M2";7000;Ремонт MacBook;;https://1iron.ru/uslugi.html
da17337cf70c;"Ремонт платы MacBook Air 13"" M3";7000;Ремонт MacBook;;https://1iron.ru/uslugi.html
60758a979876;"Ремонт платы MacBook Air 13"" M4";7000;Ремонт MacBook;;https://1iron.ru/uslugi.html
42d1ab85203d;"Ремонт платы MacBook Air 15"" M2–M4";7000;Ремонт MacBook;;https://1iron.ru/uslugi.html
f14f198817d3;"Ремонт платы MacBook Pro 13"" (2009–2015)";7000;Ремонт MacBook;;https://1iron.ru/uslugi.html
0e0c616f382b;"Ремонт платы MacBook Pro 15"" (2008–2015)";7000;Ремонт MacBook;;https://1iron.ru/uslugi.html
f7db8e0a2623;"Ремонт платы MacBook Pro 13"" Intel (2016–2020)";7000;Ремонт MacBook;;https://1iron.ru/uslugi.html
70c910526de1;"Ремонт платы MacBook Pro 15"" Intel (2016–2019)";7000;Ремонт MacBook;;https://1iron.ru/uslugi.html
5900ae8accaa;"Ремонт платы MacBook Pro 16"" Intel (2019)";7000;Ремонт MacBook;;https://1iron.ru/uslugi.html
a41358969723;"Ремонт платы MacBook Pro 13"" M1/M2";7000;Ремонт MacBook;;https://1iron.ru/uslugi.html
256c88322892;"Ремонт платы MacBook Pro 14"" M1–M5";7000;Ремонт MacBook;;https://1iron.ru/uslugi.html
2095351113f5;"Ремонт платы MacBook Pro 16"" M1–M5";7000;Ремонт MacBook;;https://1iron.ru/uslugi.html
f121a5af5710;"Ремонт платы iMac 21.5"" Intel";6000;Ремонт iMac;;https://1iron.ru/uslugi.html
43496f334419;"Ремонт платы iMac 27"" Intel";6000;Ремонт iMac;;https://1iron.ru/uslugi.html
e55285b21d31;"Ремонт платы iMac 24"" M1 и новее";6000;Ремонт iMac;;https://1iron.ru/uslugi.html
8b83924f43c8;Ремонт платы iPad;4000;Ремонт iPad;Цена за работу, запчасть оплачивается отдельно.;https://1iron.ru/uslugi.html
758733cb04f4;Ремонт платы Mac mini;4000;Ремонт Mac mini;;https://1iron.ru/uslugi.html
3c8421276de9;Ремонт платы Ноутбуки на Windows;4000;Ремонт ноутбуков;;https://1iron.ru/uslugi.html
a6244bc5e634;Ремонт платы Смартфон Android;1500;Ремонт смартфонов Android;;https://1iron.ru/uslugi.html
eebf11f01142;"Замена накопителя (SSD) MacBook Air 11"" (2010–2015)";8800;Ремонт MacBook;;https://1iron.ru/uslugi.html
89c6b78eb721;"Замена накопителя (SSD) MacBook Air 13"" Intel (2010–2020)";8800;Ремонт MacBook;;https://1iron.ru/uslugi.html
2d4aea3cc92b;"Замена накопителя (SSD) MacBook Air 13"" M1";8800;Ремонт MacBook;;https://1iron.ru/uslugi.html
2e3189228607;"Замена накопителя (SSD) MacBook Air 13"" M2";8800;Ремонт MacBook;;https://1iron.ru/uslugi.html
ecf5134cf0e2;"Замена накопителя (SSD) MacBook Air 13"" M3";8800;Ремонт MacBook;;https://1iron.ru/uslugi.html
8e2eb88d7d1f;"Замена накопителя (SSD) MacBook Air 13"" M4";8800;Ремонт MacBook;;https://1iron.ru/uslugi.html
65af132eb75a;"Замена накопителя (SSD) MacBook Air 15"" M2–M4";8800;Ремонт MacBook;;https://1iron.ru/uslugi.html
f6e077cc8a9a;"Замена накопителя (SSD) MacBook Pro 13"" (2009–2015)";8800;Ремонт MacBook;;https://1iron.ru/uslugi.html
ec1ed28ff18c;"Замена накопителя (SSD) MacBook Pro 15"" (2008–2015)";8800;Ремонт MacBook;;https://1iron.ru/uslugi.html
af01227c170b;"Замена накопителя (SSD) MacBook Pro 13"" Intel (2016–2020)";8800;Ремонт MacBook;;https://1iron.ru/uslugi.html
9d8434a93143;"Замена накопителя (SSD) MacBook Pro 15"" Intel (2016–2019)";8800;Ремонт MacBook;;https://1iron.ru/uslugi.html
ec0e2ad11bac;"Замена накопителя (SSD) MacBook Pro 16"" Intel (2019)";8800;Ремонт MacBook;;https://1iron.ru/uslugi.html
a6b0c6b54708;"Замена накопителя (SSD) MacBook Pro 13"" M1/M2";8800;Ремонт MacBook;;https://1iron.ru/uslugi.html
6d2c4c909dbc;"Замена накопителя (SSD) MacBook Pro 14"" M1–M5";8800;Ремонт MacBook;;https://1iron.ru/uslugi.html
9bf9cd673ca7;"Замена накопителя (SSD) MacBook Pro 16"" M1–M5";8800;Ремонт MacBook;;https://1iron.ru/uslugi.html
64fce4371419;Замена накопителя (SSD) Ноутбуки на Windows;7500;Ремонт ноутбуков;;https://1iron.ru/uslugi.html
7cac001b1fc4;Замена стекла iPad;3500;Ремонт iPad;;https://1iron.ru/uslugi.html
c56cfcb6068a;"Замена разъёма зарядки MacBook Air 11"" (2010–2015)";3500;Ремонт MacBook;;https://1iron.ru/uslugi.html
52119e3cf5f1;"Замена разъёма зарядки MacBook Air 13"" Intel (2010–2020)";3500;Ремонт MacBook;;https://1iron.ru/uslugi.html
8538ef6dc78c;"Замена разъёма зарядки MacBook Air 13"" M1";3500;Ремонт MacBook;;https://1iron.ru/uslugi.html
2958da5c6540;"Замена разъёма зарядки MacBook Air 13"" M2";3500;Ремонт MacBook;;https://1iron.ru/uslugi.html
6e6c81fd6ed5;"Замена разъёма зарядки MacBook Air 13"" M3";3500;Ремонт MacBook;;https://1iron.ru/uslugi.html
cafb175d69f1;"Замена разъёма зарядки MacBook Air 13"" M4";3500;Ремонт MacBook;;https://1iron.ru/uslugi.html
1a2c07a34d91;"Замена разъёма зарядки MacBook Air 15"" M2–M4";3500;Ремонт MacBook;;https://1iron.ru/uslugi.html
9eb107b9b783;"Замена разъёма зарядки MacBook Pro 13"" (2009–2015)";3500;Ремонт MacBook;;https://1iron.ru/uslugi.html
fd4329682f19;"Замена разъёма зарядки MacBook Pro 15"" (2008–2015)";3500;Ремонт MacBook;;https://1iron.ru/uslugi.html
0aa4b16371f8;"Замена разъёма зарядки MacBook Pro 13"" Intel (2016–2020)";3500;Ремонт MacBook;;https://1iron.ru/uslugi.html
1896759bface;"Замена разъёма зарядки MacBook Pro 15"" Intel (2016–2019)";3500;Ремонт MacBook;;https://1iron.ru/uslugi.html
360d6308964b;"Замена разъёма зарядки MacBook Pro 16"" Intel (2019)";3500;Ремонт MacBook;;https://1iron.ru/uslugi.html
f71a1632a957;"Замена разъёма зарядки MacBook Pro 13"" M1/M2";3500;Ремонт MacBook;;https://1iron.ru/uslugi.html
40aa0feb2177;"Замена разъёма зарядки MacBook Pro 14"" M1–M5";3500;Ремонт MacBook;;https://1iron.ru/uslugi.html
ae1de8a9cd64;"Замена разъёма зарядки MacBook Pro 16"" M1–M5";3500;Ремонт MacBook;;https://1iron.ru/uslugi.html
747fed2b1b64;Замена разъёма зарядки iPad;4000;Ремонт iPad;Цена за работу, запчасть оплачивается отдельно.;https://1iron.ru/uslugi.html
d34d983fa824;Замена разъёма зарядки Ноутбуки на Windows;2500;Ремонт ноутбуков;;https://1iron.ru/uslugi.html
2a33f53806f8;Замена разъёма зарядки Смартфон Android;2000;Ремонт смартфонов Android;;https://1iron.ru/uslugi.html
8abd6ce9d77a;Замена тачпада Ноутбуки на Windows;1500;Ремонт ноутбуков;Цена за работу, запчасть оплачивается отдельно.;https://1iron.ru/uslugi.html
f535981df890;Замена клавиатуры Ноутбуки на Windows;3500;Ремонт ноутбуков;;https://1iron.ru/uslugi.html
14d30fa7b3a9;"Ремонт после залития MacBook Air 11"" (2010–2015)";4000;Ремонт MacBook;;https://1iron.ru/uslugi.html
927b24082b17;"Ремонт после залития MacBook Air 13"" Intel (2010–2020)";4000;Ремонт MacBook;;https://1iron.ru/uslugi.html
aca37ab6b602;"Ремонт после залития MacBook Air 13"" M1";4000;Ремонт MacBook;;https://1iron.ru/uslugi.html
6d73e7bb9c21;"Ремонт после залития MacBook Air 13"" M2";4000;Ремонт MacBook;;https://1iron.ru/uslugi.html
92ec7c6389d1;"Ремонт после залития MacBook Air 13"" M3";4000;Ремонт MacBook;;https://1iron.ru/uslugi.html
f07902613eea;"Ремонт после залития MacBook Air 13"" M4";4000;Ремонт MacBook;;https://1iron.ru/uslugi.html
63179186d349;"Ремонт после залития MacBook Air 15"" M2–M4";4000;Ремонт MacBook;;https://1iron.ru/uslugi.html
9417807b3baf;"Ремонт после залития MacBook Pro 13"" (2009–2015)";7500;Ремонт iPhone;;https://1iron.ru/uslugi.html
4ddbc0390d2e;"Ремонт после залития MacBook Pro 13"" Intel (2016–2020)";7500;Ремонт iPhone;;https://1iron.ru/uslugi.html
35252cb21928;"Ремонт после залития MacBook Pro 13"" M1/M2";7500;Ремонт iPhone;;https://1iron.ru/uslugi.html
4204584faf90;"Ремонт после залития MacBook Pro 14"" M1–M5";6000;Ремонт MacBook;;https://1iron.ru/uslugi.html
042bbb6214a8;"Ремонт после залития MacBook Pro 15"" (2008–2015)";7500;Ремонт iPhone;;https://1iron.ru/uslugi.html
1630c8c236d8;"Ремонт после залития MacBook Pro 15"" Intel (2016–2019)";7500;Ремонт iPhone;;https://1iron.ru/uslugi.html
08c7eecbad3b;"Ремонт после залития MacBook Pro 16"" Intel (2019)";7500;Ремонт iPhone;;https://1iron.ru/uslugi.html
028a64c976b6;"Ремонт после залития MacBook Pro 16"" M1–M5";7500;Ремонт iPhone;;https://1iron.ru/uslugi.html
6497d933ea73;Ремонт после залития iPhone 11;7500;Ремонт iPhone;;https://1iron.ru/uslugi.html
8e45e39f0233;Ремонт после залития iPhone 11 Pro;7500;Ремонт iPhone;;https://1iron.ru/uslugi.html
58329c12e2cc;Ремонт после залития iPhone 11 Pro Max;7500;Ремонт iPhone;;https://1iron.ru/uslugi.html
d11ebee503d7;Ремонт после залития iPhone 12;7500;Ремонт iPhone;;https://1iron.ru/uslugi.html
86a611fa7427;Ремонт после залития iPhone 12 Pro;7500;Ремонт iPhone;;https://1iron.ru/uslugi.html
966e1057be54;Ремонт после залития iPhone 12 Pro Max;7500;Ремонт iPhone;;https://1iron.ru/uslugi.html
63563ed13961;Ремонт после залития iPhone 12 mini;7500;Ремонт iPhone;;https://1iron.ru/uslugi.html
f462962d16c5;Ремонт после залития iPhone 13;7500;Ремонт iPhone;;https://1iron.ru/uslugi.html
ffb23db08e46;Ремонт после залития iPhone 13 Pro;7500;Ремонт iPhone;;https://1iron.ru/uslugi.html
8454f4478632;Ремонт после залития iPhone 13 Pro Max;7500;Ремонт iPhone;;https://1iron.ru/uslugi.html
8fd07df5a88e;Ремонт после залития iPhone 13 mini;7500;Ремонт iPhone;;https://1iron.ru/uslugi.html
03e25f9a236c;Ремонт после залития iPhone 14;7500;Ремонт iPhone;;https://1iron.ru/uslugi.html
bea9ac381dcf;Ремонт после залития iPhone 14 Plus;7500;Ремонт iPhone;;https://1iron.ru/uslugi.html
eb5a5cfcf9e9;Ремонт после залития iPhone 14 Pro;7500;Ремонт iPhone;;https://1iron.ru/uslugi.html
d09def0edffe;Ремонт после залития iPhone 14 Pro Max;7500;Ремонт iPhone;;https://1iron.ru/uslugi.html
faa6b1903d5c;Ремонт после залития iPhone 15;7500;Ремонт iPhone;;https://1iron.ru/uslugi.html
07dec1fff8f3;Ремонт после залития iPhone 15 Plus;7500;Ремонт iPhone;;https://1iron.ru/uslugi.html
1553cd42f183;Ремонт после залития iPhone 15 Pro;7500;Ремонт iPhone;;https://1iron.ru/uslugi.html
69609af223bd;Ремонт после залития iPhone 15 Pro Max;7500;Ремонт iPhone;;https://1iron.ru/uslugi.html
42396d467e4d;Ремонт после залития iPhone 16;7500;Ремонт iPhone;;https://1iron.ru/uslugi.html
bb71ae0ac3ef;Ремонт после залития iPhone 16 Plus;7500;Ремонт iPhone;;https://1iron.ru/uslugi.html
d397020ea538;Ремонт после залития iPhone 16 Pro;7500;Ремонт iPhone;;https://1iron.ru/uslugi.html
bef1e6e89239;Ремонт после залития iPhone 16 Pro Max;7500;Ремонт iPhone;;https://1iron.ru/uslugi.html
9892d04a1675;Ремонт после залития iPhone 16e;7500;Ремонт iPhone;;https://1iron.ru/uslugi.html
55b92b3fa4d2;Ремонт после залития iPhone 17;7500;Ремонт iPhone;;https://1iron.ru/uslugi.html
3533360bdb58;Ремонт после залития iPhone 17 Pro;7500;Ремонт iPhone;;https://1iron.ru/uslugi.html
f1301415605d;Ремонт после залития iPhone 17 Pro Max;7500;Ремонт iPhone;;https://1iron.ru/uslugi.html
f12a25504ff8;Ремонт после залития iPhone 17e;7500;Ремонт iPhone;;https://1iron.ru/uslugi.html
d6fa32c2cd3b;Ремонт после залития iPhone 7;7500;Ремонт iPhone;;https://1iron.ru/uslugi.html
36fd79bd52e6;Ремонт после залития iPhone 7 Plus;7500;Ремонт iPhone;;https://1iron.ru/uslugi.html
fa901c0b487c;Ремонт после залития iPhone 8;7500;Ремонт iPhone;;https://1iron.ru/uslugi.html
095684eaa43a;Ремонт после залития iPhone 8 Plus;7500;Ремонт iPhone;;https://1iron.ru/uslugi.html
f3fa866cba85;Ремонт после залития iPhone SE 2020;7500;Ремонт iPhone;;https://1iron.ru/uslugi.html
95064c70efbc;Ремонт после залития iPhone SE 2022;7500;Ремонт iPhone;;https://1iron.ru/uslugi.html
07b8a4ba715a;Ремонт после залития iPhone X;7500;Ремонт iPhone;;https://1iron.ru/uslugi.html
d861b12061a0;Ремонт после залития iPhone XR;7500;Ремонт iPhone;;https://1iron.ru/uslugi.html
20c5eb7c6e49;Ремонт после залития iPhone XS;7500;Ремонт iPhone;;https://1iron.ru/uslugi.html
1e4477663b68;Ремонт после залития iPhone XS Max;7500;Ремонт iPhone;;https://1iron.ru/uslugi.html
273b089e43a0;Ремонт после залития iPad;6000;Ремонт iPad;;https://1iron.ru/uslugi.html
6e9c18eb9b4b;"Замена динамика MacBook Air 11"" (2010–2015)";3000;Ремонт MacBook;;https://1iron.ru/uslugi.html
53886c8d9920;"Замена динамика MacBook Air 13"" Intel (2010–2020)";3000;Ремонт MacBook;;https://1iron.ru/uslugi.html
5b68f0d6ec97;"Замена динамика MacBook Air 13"" M1";3000;Ремонт MacBook;;https://1iron.ru/uslugi.html
6a750be43332;"Замена динамика MacBook Air 13"" M2";3000;Ремонт MacBook;;https://1iron.ru/uslugi.html
ad63a0fb3e7b;"Замена динамика MacBook Air 13"" M3";3000;Ремонт MacBook;;https://1iron.ru/uslugi.html
914a6c036cc6;"Замена динамика MacBook Air 13"" M4";3000;Ремонт MacBook;;https://1iron.ru/uslugi.html
e978a5279cd0;"Замена динамика MacBook Air 15"" M2–M4";3000;Ремонт MacBook;;https://1iron.ru/uslugi.html
6f2dd62e47ab;"Замена динамика MacBook Pro 13"" (2009–2015)";3000;Ремонт MacBook;;https://1iron.ru/uslugi.html
c8f96a1bcbcc;"Замена динамика MacBook Pro 13"" Intel (2016–2020)";3000;Ремонт MacBook;;https://1iron.ru/uslugi.html
31655ee483ed;"Замена динамика MacBook Pro 13"" M1/M2";3000;Ремонт MacBook;;https://1iron.ru/uslugi.html
2ff81b5605a6;"Замена динамика MacBook Pro 14"" M1–M5";3000;Ремонт MacBook;;https://1iron.ru/uslugi.html
834a5cf763e2;"Замена динамика MacBook Pro 15"" (2008–2015)";3000;Ремонт MacBook;;https://1iron.ru/uslugi.html
c55022d40a48;"Замена динамика MacBook Pro 15"" Intel (2016–2019)";3000;Ремонт MacBook;;https://1iron.ru/uslugi.html
dab80d3a6977;"Замена динамика MacBook Pro 16"" Intel (2019)";3000;Ремонт MacBook;;https://1iron.ru/uslugi.html
d518c489209c;"Замена динамика MacBook Pro 16"" M1–M5";3000;Ремонт MacBook;;https://1iron.ru/uslugi.html
2571c101d7ff;Замена динамика iPhone 11;3700;Ремонт iPhone;;https://1iron.ru/uslugi.html
93d72ea1b6f2;Замена динамика iPhone 11 Pro;3700;Ремонт iPhone;;https://1iron.ru/uslugi.html
cb1fb285fbf3;Замена динамика iPhone 11 Pro Max;3700;Ремонт iPhone;;https://1iron.ru/uslugi.html
9eb781e8fefe;Замена динамика iPhone 12;3700;Ремонт iPhone;;https://1iron.ru/uslugi.html
7f21c8fe103d;Замена динамика iPhone 12 Pro;3700;Ремонт iPhone;;https://1iron.ru/uslugi.html
49a0109c3b8b;Замена динамика iPhone 12 Pro Max;3700;Ремонт iPhone;;https://1iron.ru/uslugi.html
25c10e13f838;Замена динамика iPhone 12 mini;3700;Ремонт iPhone;;https://1iron.ru/uslugi.html
3f706a5731b9;Замена динамика iPhone 13;3700;Ремонт iPhone;;https://1iron.ru/uslugi.html
7395f884ebb2;Замена динамика iPhone 13 Pro;3700;Ремонт iPhone;;https://1iron.ru/uslugi.html
e57e9a79e396;Замена динамика iPhone 13 Pro Max;3700;Ремонт iPhone;;https://1iron.ru/uslugi.html
ca9fb5c9c44d;Замена динамика iPhone 13 mini;3700;Ремонт iPhone;;https://1iron.ru/uslugi.html
12af605f2fd3;Замена динамика iPhone 14;3700;Ремонт iPhone;;https://1iron.ru/uslugi.html
1980da9c6393;Замена динамика iPhone 14 Plus;3700;Ремонт iPhone;;https://1iron.ru/uslugi.html
5c3a2d33d4d1;Замена динамика iPhone 14 Pro;3700;Ремонт iPhone;;https://1iron.ru/uslugi.html
e2268b11afca;Замена динамика iPhone 14 Pro Max;3700;Ремонт iPhone;;https://1iron.ru/uslugi.html
139bfb582595;Замена динамика iPhone 15;3700;Ремонт iPhone;;https://1iron.ru/uslugi.html
020b5dfbf7c4;Замена динамика iPhone 15 Plus;3700;Ремонт iPhone;;https://1iron.ru/uslugi.html
fe52a2217793;Замена динамика iPhone 15 Pro;3700;Ремонт iPhone;;https://1iron.ru/uslugi.html
470f87974b73;Замена динамика iPhone 15 Pro Max;3700;Ремонт iPhone;;https://1iron.ru/uslugi.html
3868c80064dc;Замена динамика iPhone 16;3700;Ремонт iPhone;;https://1iron.ru/uslugi.html
a833b0ae6e3b;Замена динамика iPhone 16 Plus;3700;Ремонт iPhone;;https://1iron.ru/uslugi.html
66952572967b;Замена динамика iPhone 16 Pro;3700;Ремонт iPhone;;https://1iron.ru/uslugi.html
bbd65da85f30;Замена динамика iPhone 16 Pro Max;3700;Ремонт iPhone;;https://1iron.ru/uslugi.html
208560bd7516;Замена динамика iPhone 16e;3700;Ремонт iPhone;;https://1iron.ru/uslugi.html
2c398de6c893;Замена динамика iPhone 17;3700;Ремонт iPhone;;https://1iron.ru/uslugi.html
ea689811b8b8;Замена динамика iPhone 17 Pro;3700;Ремонт iPhone;;https://1iron.ru/uslugi.html
24d5f1eb26c9;Замена динамика iPhone 17 Pro Max;3700;Ремонт iPhone;;https://1iron.ru/uslugi.html
96a855c1f4eb;Замена динамика iPhone 17e;3700;Ремонт iPhone;;https://1iron.ru/uslugi.html
62a6b64b46cc;Замена динамика iPhone 7;3700;Ремонт iPhone;;https://1iron.ru/uslugi.html
8c7b64ec8594;Замена динамика iPhone 7 Plus;3700;Ремонт iPhone;;https://1iron.ru/uslugi.html
4b199fdbb9ec;Замена динамика iPhone 8;3700;Ремонт iPhone;;https://1iron.ru/uslugi.html
4a357fccadf9;Замена динамика iPhone 8 Plus;3700;Ремонт iPhone;;https://1iron.ru/uslugi.html
adfd4fa6cabc;Замена динамика iPhone SE 2020;3700;Ремонт iPhone;;https://1iron.ru/uslugi.html
8164ed8a49de;Замена динамика iPhone SE 2022;3700;Ремонт iPhone;;https://1iron.ru/uslugi.html
0b1fd20a81e4;Замена динамика iPhone X;3700;Ремонт iPhone;;https://1iron.ru/uslugi.html
ad489403244f;Замена динамика iPhone XR;3700;Ремонт iPhone;;https://1iron.ru/uslugi.html
1ad18c4fc51e;Замена динамика iPhone XS;3700;Ремонт iPhone;;https://1iron.ru/uslugi.html
ab8cfbb1ffe9;Замена динамика iPhone XS Max;3700;Ремонт iPhone;;https://1iron.ru/uslugi.html
655e9883da6c;"Замена динамика iMac 21.5"" Intel";7000;Ремонт iMac;;https://1iron.ru/uslugi.html
8e7e8dbd9c71;"Замена динамика iMac 27"" Intel";7000;Ремонт iMac;;https://1iron.ru/uslugi.html
4f013241480b;"Замена динамика iMac 24"" M1 и новее";7000;Ремонт iMac;;https://1iron.ru/uslugi.html
eae939a0013a;"Перенос данных MacBook Air 11"" (2010–2015)";2000;Ремонт MacBook;;https://1iron.ru/uslugi.html
9d2a4333631e;"Перенос данных MacBook Air 13"" Intel (2010–2020)";2000;Ремонт MacBook;;https://1iron.ru/uslugi.html
f7d858cfd92b;"Перенос данных MacBook Air 13"" M1";2000;Ремонт MacBook;;https://1iron.ru/uslugi.html
acd92ebcc7c1;"Перенос данных MacBook Air 13"" M2";2000;Ремонт MacBook;;https://1iron.ru/uslugi.html
7ce2f7a3a24d;"Перенос данных MacBook Air 13"" M3";2000;Ремонт MacBook;;https://1iron.ru/uslugi.html
7bbcbeda382f;"Перенос данных MacBook Air 13"" M4";2000;Ремонт MacBook;;https://1iron.ru/uslugi.html
db0750a08bd7;"Перенос данных MacBook Air 15"" M2–M4";2000;Ремонт MacBook;;https://1iron.ru/uslugi.html
7224f88e3800;"Перенос данных MacBook Pro 13"" (2009–2015)";2000;Ремонт MacBook;;https://1iron.ru/uslugi.html
cf12d8268955;"Перенос данных MacBook Pro 13"" Intel (2016–2020)";2000;Ремонт MacBook;;https://1iron.ru/uslugi.html
f95e59ae7a45;"Перенос данных MacBook Pro 13"" M1/M2";2000;Ремонт MacBook;;https://1iron.ru/uslugi.html
8f5bd56d2f3c;"Перенос данных MacBook Pro 14"" M1–M5";2000;Ремонт MacBook;;https://1iron.ru/uslugi.html
9223e6e15165;"Перенос данных MacBook Pro 15"" (2008–2015)";2000;Ремонт MacBook;;https://1iron.ru/uslugi.html
bef404422b02;"Перенос данных MacBook Pro 15"" Intel (2016–2019)";2000;Ремонт MacBook;;https://1iron.ru/uslugi.html
0c0141b4ca02;"Перенос данных MacBook Pro 16"" Intel (2019)";2000;Ремонт MacBook;;https://1iron.ru/uslugi.html
3ba33f440a9d;"Перенос данных MacBook Pro 16"" M1–M5";2000;Ремонт MacBook;;https://1iron.ru/uslugi.html
6a5aea3b9085;Перенос данных iPhone 11;3000;Ремонт iPhone;;https://1iron.ru/uslugi.html
9ee8a434dff6;Перенос данных iPhone 11 Pro;3000;Ремонт iPhone;;https://1iron.ru/uslugi.html
e8ca1918acc6;Перенос данных iPhone 11 Pro Max;3000;Ремонт iPhone;;https://1iron.ru/uslugi.html
e06f96a305fb;Перенос данных iPhone 12;3000;Ремонт iPhone;;https://1iron.ru/uslugi.html
33ef5b5cf185;Перенос данных iPhone 12 Pro;3000;Ремонт iPhone;;https://1iron.ru/uslugi.html
beaee48494d6;Перенос данных iPhone 12 Pro Max;3000;Ремонт iPhone;;https://1iron.ru/uslugi.html
7166b08d2569;Перенос данных iPhone 12 mini;3000;Ремонт iPhone;;https://1iron.ru/uslugi.html
5fb7023b84aa;Перенос данных iPhone 13;3000;Ремонт iPhone;;https://1iron.ru/uslugi.html
c26c85fb49a6;Перенос данных iPhone 13 Pro;3000;Ремонт iPhone;;https://1iron.ru/uslugi.html
d641adaed9a8;Перенос данных iPhone 13 Pro Max;3000;Ремонт iPhone;;https://1iron.ru/uslugi.html
183557c845f4;Перенос данных iPhone 13 mini;3000;Ремонт iPhone;;https://1iron.ru/uslugi.html
f01bfd3799b6;Перенос данных iPhone 14;3000;Ремонт iPhone;;https://1iron.ru/uslugi.html
feaa8a8b0f0e;Перенос данных iPhone 14 Plus;3000;Ремонт iPhone;;https://1iron.ru/uslugi.html
acb56cf45e46;Перенос данных iPhone 14 Pro;3000;Ремонт iPhone;;https://1iron.ru/uslugi.html
76ed5d24e5f0;Перенос данных iPhone 14 Pro Max;3000;Ремонт iPhone;;https://1iron.ru/uslugi.html
d0a73dc7a8cd;Перенос данных iPhone 15;3000;Ремонт iPhone;;https://1iron.ru/uslugi.html
666ef9722477;Перенос данных iPhone 15 Plus;3000;Ремонт iPhone;;https://1iron.ru/uslugi.html
023845bb38bb;Перенос данных iPhone 15 Pro;3000;Ремонт iPhone;;https://1iron.ru/uslugi.html
47bd86404717;Перенос данных iPhone 15 Pro Max;3000;Ремонт iPhone;;https://1iron.ru/uslugi.html
681e414c18c6;Перенос данных iPhone 16;3000;Ремонт iPhone;;https://1iron.ru/uslugi.html
bf819ad2d6a9;Перенос данных iPhone 16 Plus;3000;Ремонт iPhone;;https://1iron.ru/uslugi.html
b502879add0f;Перенос данных iPhone 16 Pro;3000;Ремонт iPhone;;https://1iron.ru/uslugi.html
1d1a365d3969;Перенос данных iPhone 16 Pro Max;3000;Ремонт iPhone;;https://1iron.ru/uslugi.html
c39452a8164e;Перенос данных iPhone 16e;3000;Ремонт iPhone;;https://1iron.ru/uslugi.html
d2a97df7c7e1;Перенос данных iPhone 17;3000;Ремонт iPhone;;https://1iron.ru/uslugi.html
cdfb09605e5b;Перенос данных iPhone 17 Pro;3000;Ремонт iPhone;;https://1iron.ru/uslugi.html
d96a10c41f97;Перенос данных iPhone 17 Pro Max;3000;Ремонт iPhone;;https://1iron.ru/uslugi.html
88ae20bcc4bc;Перенос данных iPhone 17e;3000;Ремонт iPhone;;https://1iron.ru/uslugi.html
0397ba9205f0;Перенос данных iPhone 7;3000;Ремонт iPhone;;https://1iron.ru/uslugi.html
db9df8dbc620;Перенос данных iPhone 7 Plus;3000;Ремонт iPhone;;https://1iron.ru/uslugi.html
686f6f10887a;Перенос данных iPhone 8;3000;Ремонт iPhone;;https://1iron.ru/uslugi.html
078a8cb96a88;Перенос данных iPhone 8 Plus;3000;Ремонт iPhone;;https://1iron.ru/uslugi.html
9e662ce1cbbc;Перенос данных iPhone SE 2020;3000;Ремонт iPhone;;https://1iron.ru/uslugi.html
aadbddf63542;Перенос данных iPhone SE 2022;3000;Ремонт iPhone;;https://1iron.ru/uslugi.html
3c59e5b576b5;Перенос данных iPhone X;3000;Ремонт iPhone;;https://1iron.ru/uslugi.html
18f28a745000;Перенос данных iPhone XR;3000;Ремонт iPhone;;https://1iron.ru/uslugi.html
96a73032ff1e;Перенос данных iPhone XS;3000;Ремонт iPhone;;https://1iron.ru/uslugi.html
92c9bb1a86e5;Перенос данных iPhone XS Max;3000;Ремонт iPhone;;https://1iron.ru/uslugi.html
8e519aba8faf;"Перенос данных iMac 21.5"" Intel";3000;Ремонт iMac;;https://1iron.ru/uslugi.html
cf17c0d95d6f;"Перенос данных iMac 27"" Intel";3000;Ремонт iMac;;https://1iron.ru/uslugi.html
c6a261c67351;"Перенос данных iMac 24"" M1 и новее";3000;Ремонт iMac;;https://1iron.ru/uslugi.html
de0809b64c1a;Перенос данных Ноутбуки на Windows;1000;Ремонт ноутбуков;;https://1iron.ru/uslugi.html
fc7c5cea020c;Апгрейд: увеличение оперативной памяти Ноутбуки на Windows;1000;Ремонт ноутбуков;Цена за работу, запчасть оплачивается отдельно.;https://1iron.ru/uslugi.html
97adfadce373;Замена диска на SSD с установкой ПО Ноутбуки на Windows;4000;Ремонт ноутбуков;Цена за работу, запчасть оплачивается отдельно.;https://1iron.ru/uslugi.html
7ecb11d35f72;Замена заднего стекла iPhone 14;5000;Ремонт iPhone;;https://1iron.ru/uslugi.html
f7d06face769;Замена заднего стекла iPhone 15;5500;Ремонт iPhone;;https://1iron.ru/uslugi.html
7d9835b6e4dd;Замена заднего стекла iPhone 15 Plus;7500;Ремонт iPhone;;https://1iron.ru/uslugi.html
01869a82ed83;Замена заднего стекла iPhone 15 Pro;6000;Ремонт iPhone;;https://1iron.ru/uslugi.html
cebd3d6ebc92;Замена заднего стекла iPhone 15 Pro Max;7000;Ремонт iPhone;;https://1iron.ru/uslugi.html
f7e811d5872e;Замена заднего стекла iPhone 16;6000;Ремонт iPhone;;https://1iron.ru/uslugi.html
9eddb92cb2e8;Замена заднего стекла iPhone 16 Plus;7500;Ремонт iPhone;;https://1iron.ru/uslugi.html
d9d6b0cfb58e;Замена заднего стекла iPhone 16 Pro;7000;Ремонт iPhone;;https://1iron.ru/uslugi.html
9262b94fc2de;Замена заднего стекла iPhone 16 Pro Max;8000;Ремонт iPhone;;https://1iron.ru/uslugi.html
09fb1f4eb745;Замена заднего стекла iPhone 17;6000;Ремонт iPhone;;https://1iron.ru/uslugi.html
7a9933b38ba4;Замена заднего стекла iPhone 17 Pro;8000;Ремонт iPhone;;https://1iron.ru/uslugi.html
d25c42e300e3;Замена заднего стекла iPhone 17 Pro Max;9000;Ремонт iPhone;;https://1iron.ru/uslugi.html
ad10120a1a06;Замена заднего стекла iPhone 11 Pro Max;4000;Ремонт iPhone;;https://1iron.ru/uslugi.html
fa125c409653;Замена заднего стекла iPhone 12 Pro Max;4000;Ремонт iPhone;;https://1iron.ru/uslugi.html
6bcf357f714c;Замена заднего стекла iPhone 13 Pro Max;4000;Ремонт iPhone;;https://1iron.ru/uslugi.html
fb4e6f84d5eb;Замена заднего стекла iPhone 14 Plus;4000;Ремонт iPhone;;https://1iron.ru/uslugi.html
6f38e74081c2;Замена заднего стекла iPhone 14 Pro Max;4000;Ремонт iPhone;;https://1iron.ru/uslugi.html
219b3a7ec64a;Замена заднего стекла iPhone 12;3500;Ремонт iPhone;;https://1iron.ru/uslugi.html
ddc0fc088955;Замена заднего стекла iPhone 12 mini;3500;Ремонт iPhone;;https://1iron.ru/uslugi.html
3d3b597fe17e;Замена заднего стекла iPhone 12 Pro;3500;Ремонт iPhone;;https://1iron.ru/uslugi.html
d079c53e78a0;Замена заднего стекла iPhone 13 mini;3500;Ремонт iPhone;;https://1iron.ru/uslugi.html
4d0619a5beec;Замена заднего стекла iPhone 13;3500;Ремонт iPhone;;https://1iron.ru/uslugi.html
1a6448924409;Замена заднего стекла iPhone 13 Pro;3500;Ремонт iPhone;;https://1iron.ru/uslugi.html
522a657f8ab7;Замена заднего стекла iPhone 14 Pro;3500;Ремонт iPhone;;https://1iron.ru/uslugi.html
8b55ce9dd051;Замена заднего стекла iPhone 16e;6000;Ремонт iPhone;;https://1iron.ru/uslugi.html
ec858273a49b;Замена заднего стекла iPhone 17e;6000;Ремонт iPhone;;https://1iron.ru/uslugi.html
d826a7428515;Замена заднего стекла iPhone X;3000;Ремонт iPhone;;https://1iron.ru/uslugi.html
aa4c05726c75;Замена заднего стекла iPhone XR;3000;Ремонт iPhone;;https://1iron.ru/uslugi.html
de108bced61f;Замена заднего стекла iPhone XS;3000;Ремонт iPhone;;https://1iron.ru/uslugi.html
615c1772b567;Замена заднего стекла iPhone XS Max;3000;Ремонт iPhone;;https://1iron.ru/uslugi.html
54c522628b9d;Замена заднего стекла iPhone 11;3000;Ремонт iPhone;;https://1iron.ru/uslugi.html
88ab90e8271f;Замена заднего стекла iPhone 11 Pro;3000;Ремонт iPhone;;https://1iron.ru/uslugi.html
8e78af28278f;Замена нижнего шлейфа iPhone 11;3500;Ремонт iPhone;;https://1iron.ru/uslugi.html
766694e9756a;Замена нижнего шлейфа iPhone 11 Pro;4600;Ремонт iPhone;;https://1iron.ru/uslugi.html
9751376046cc;Замена нижнего шлейфа iPhone 11 Pro Max;5600;Ремонт iPhone;;https://1iron.ru/uslugi.html
0b8cc5cc05df;Замена нижнего шлейфа iPhone 12;4100;Ремонт iPhone;;https://1iron.ru/uslugi.html
25a1a73f7426;Замена нижнего шлейфа iPhone 12 mini;4100;Ремонт iPhone;;https://1iron.ru/uslugi.html
823391586a33;Замена нижнего шлейфа iPhone 12 Pro;4100;Ремонт iPhone;;https://1iron.ru/uslugi.html
074ae7e2534e;Замена нижнего шлейфа iPhone 12 Pro Max;4700;Ремонт iPhone;;https://1iron.ru/uslugi.html
82afb1e4ac67;Замена нижнего шлейфа iPhone 13;4800;Ремонт iPhone;;https://1iron.ru/uslugi.html
5dd89316d185;Замена нижнего шлейфа iPhone 13 mini;5000;Ремонт iPhone;;https://1iron.ru/uslugi.html
039b862462c5;Замена нижнего шлейфа iPhone 13 Pro;5200;Ремонт iPhone;;https://1iron.ru/uslugi.html
08f4bc9a336d;Замена нижнего шлейфа iPhone 13 Pro Max;5200;Ремонт iPhone;;https://1iron.ru/uslugi.html
cbb8ad25ef89;Замена нижнего шлейфа iPhone 14;5400;Ремонт iPhone;;https://1iron.ru/uslugi.html
044f716a777f;Замена нижнего шлейфа iPhone 14 Plus;6000;Ремонт iPhone;;https://1iron.ru/uslugi.html
8bc783fbdd73;Замена нижнего шлейфа iPhone 14 Pro;5800;Ремонт iPhone;;https://1iron.ru/uslugi.html
139961d6edf3;Замена нижнего шлейфа iPhone 14 Pro Max;6000;Ремонт iPhone;;https://1iron.ru/uslugi.html
118a14056348;Замена нижнего шлейфа iPhone 15;5600;Ремонт iPhone;;https://1iron.ru/uslugi.html
d66e12783ef9;Замена нижнего шлейфа iPhone 15 Plus;5600;Ремонт iPhone;;https://1iron.ru/uslugi.html
ea07815879a5;Замена нижнего шлейфа iPhone 15 Pro;5900;Ремонт iPhone;;https://1iron.ru/uslugi.html
c2b01f61605e;Замена нижнего шлейфа iPhone 15 Pro Max;6000;Ремонт iPhone;;https://1iron.ru/uslugi.html
864d8c2c72ce;Замена нижнего шлейфа iPhone 16;6500;Ремонт iPhone;;https://1iron.ru/uslugi.html
ae072f3525c2;Замена нижнего шлейфа iPhone 16 Plus;6500;Ремонт iPhone;;https://1iron.ru/uslugi.html
66e393cda4ca;Замена нижнего шлейфа iPhone 16 Pro;6400;Ремонт iPhone;;https://1iron.ru/uslugi.html
a2e8d034d544;Замена нижнего шлейфа iPhone 16 Pro Max;6500;Ремонт iPhone;;https://1iron.ru/uslugi.html
bd30ae4a9903;Замена нижнего шлейфа iPhone 16e;6500;Ремонт iPhone;;https://1iron.ru/uslugi.html
0afd35ffe6e7;Замена нижнего шлейфа iPhone 17;7400;Ремонт iPhone;;https://1iron.ru/uslugi.html
7de3ce2ff108;Замена нижнего шлейфа iPhone 17e;7400;Ремонт iPhone;;https://1iron.ru/uslugi.html
c766345ed2b4;Замена нижнего шлейфа iPhone 17 Pro;8000;Ремонт iPhone;;https://1iron.ru/uslugi.html
ba28b399a2ae;Замена нижнего шлейфа iPhone 17 Pro Max;9500;Ремонт iPhone;;https://1iron.ru/uslugi.html
be5e680d3d10;Замена нижнего шлейфа iPhone 7;1800;Ремонт iPhone;;https://1iron.ru/uslugi.html
0693021273f7;Замена нижнего шлейфа iPhone 7 Plus;1800;Ремонт iPhone;;https://1iron.ru/uslugi.html
1a9e7f4604d3;Замена нижнего шлейфа iPhone 8;2500;Ремонт iPhone;;https://1iron.ru/uslugi.html
c8b38f22a069;Замена нижнего шлейфа iPhone 8 Plus;2500;Ремонт iPhone;;https://1iron.ru/uslugi.html
5a950cfd2df2;Замена нижнего шлейфа iPhone SE 2020;3500;Ремонт iPhone;;https://1iron.ru/uslugi.html
722744cd72f7;Замена нижнего шлейфа iPhone SE 2022;3500;Ремонт iPhone;;https://1iron.ru/uslugi.html
586a340a26a0;Замена нижнего шлейфа iPhone X;3300;Ремонт iPhone;;https://1iron.ru/uslugi.html
8befc900458e;Замена нижнего шлейфа iPhone XR;3400;Ремонт iPhone;;https://1iron.ru/uslugi.html
d4c13c5dc6fa;Замена нижнего шлейфа iPhone XS;3600;Ремонт iPhone;;https://1iron.ru/uslugi.html
a84ecdf6c0a8;Замена нижнего шлейфа iPhone XS Max;3600;Ремонт iPhone;;https://1iron.ru/uslugi.html
a59cfac41986;Ремонт платы iPhone 12 Pro Max;8000;Ремонт iPhone;;https://1iron.ru/uslugi.html
c83162e1a961;Ремонт платы iPhone 13 Pro Max;8000;Ремонт iPhone;;https://1iron.ru/uslugi.html
6ba3bc43ebbc;Ремонт платы iPhone 14 Pro Max;8000;Ремонт iPhone;;https://1iron.ru/uslugi.html
dc0052719fb7;Ремонт платы iPhone 12;6000;Ремонт iPhone;;https://1iron.ru/uslugi.html
8e07ab9ec9c6;Ремонт платы iPhone 12 mini;6000;Ремонт iPhone;;https://1iron.ru/uslugi.html
1a4a54c0eb95;Ремонт платы iPhone 12 Pro;6000;Ремонт iPhone;;https://1iron.ru/uslugi.html
b13d7e03fdda;Ремонт платы iPhone 13;6000;Ремонт iPhone;;https://1iron.ru/uslugi.html
1e414bc70379;Ремонт платы iPhone 13 mini;6000;Ремонт iPhone;;https://1iron.ru/uslugi.html
ecef98a15e0c;Ремонт платы iPhone 13 Pro;6000;Ремонт iPhone;;https://1iron.ru/uslugi.html
8d8355603134;Ремонт платы iPhone 14;6000;Ремонт iPhone;;https://1iron.ru/uslugi.html
3c2517543c2e;Ремонт платы iPhone 14 Plus;6000;Ремонт iPhone;;https://1iron.ru/uslugi.html
df34a6ee3e53;Ремонт платы iPhone 14 Pro;6000;Ремонт iPhone;;https://1iron.ru/uslugi.html
f3d5fa744437;Ремонт платы iPhone 15;8000;Ремонт iPhone;;https://1iron.ru/uslugi.html
aac13e52e338;Ремонт платы iPhone 16;8000;Ремонт iPhone;;https://1iron.ru/uslugi.html
afdf839abb4e;Ремонт платы iPhone 16e;8000;Ремонт iPhone;;https://1iron.ru/uslugi.html
f73f11ee5401;Ремонт платы iPhone 15 Pro;8000;Ремонт iPhone;;https://1iron.ru/uslugi.html
4080d8eb82e6;Ремонт платы iPhone 15 Pro Max;8000;Ремонт iPhone;;https://1iron.ru/uslugi.html
4e191f925fbc;Ремонт платы iPhone 15 Plus;8000;Ремонт iPhone;;https://1iron.ru/uslugi.html
6b4d07c55e65;Ремонт платы iPhone 16 Pro;8000;Ремонт iPhone;;https://1iron.ru/uslugi.html
4ad19edb35ae;Ремонт платы iPhone 16 Pro Max;8000;Ремонт iPhone;;https://1iron.ru/uslugi.html
4d15097f6980;Ремонт платы iPhone 16 Plus;8000;Ремонт iPhone;;https://1iron.ru/uslugi.html
5a8133a4cbd9;Ремонт платы iPhone 17 Pro;12000;Ремонт iPhone;;https://1iron.ru/uslugi.html
c6e49cf73d9c;Ремонт платы iPhone 17 Pro Max;12000;Ремонт iPhone;;https://1iron.ru/uslugi.html
5a032e62b991;Ремонт платы iPhone 17;8000;Ремонт iPhone;;https://1iron.ru/uslugi.html
f14f211058d2;Ремонт платы iPhone 17e;8000;Ремонт iPhone;;https://1iron.ru/uslugi.html
53e6f691945f;Ремонт платы iPhone X;3000;Ремонт iPhone;;https://1iron.ru/uslugi.html
ae5376fbd8df;Ремонт платы iPhone XS;3000;Ремонт iPhone;;https://1iron.ru/uslugi.html
963285a20405;Ремонт платы iPhone XS Max;3000;Ремонт iPhone;;https://1iron.ru/uslugi.html
bc711ddd29d4;Ремонт платы iPhone XR;3000;Ремонт iPhone;;https://1iron.ru/uslugi.html
be5ad07fe80b;Ремонт платы iPhone 11;3000;Ремонт iPhone;;https://1iron.ru/uslugi.html
fded050845c6;Ремонт платы iPhone 11 Pro;3000;Ремонт iPhone;;https://1iron.ru/uslugi.html
d454081ab441;Ремонт платы iPhone 11 Pro Max;3000;Ремонт iPhone;;https://1iron.ru/uslugi.html
c5bce0be89f0;"Замена клавиатуры MacBook Air 13"" M1";8000;Ремонт MacBook;;https://1iron.ru/uslugi.html
2f75cc15e204;"Замена клавиатуры MacBook Pro 13"" M1/M2";10000;Ремонт MacBook;;https://1iron.ru/uslugi.html
df334a44af2d;"Замена клавиатуры MacBook Pro 14"" M1–M5";10000;Ремонт MacBook;;https://1iron.ru/uslugi.html
db156c3a4808;"Замена клавиатуры MacBook Pro 16"" M1–M5";12000;Ремонт MacBook;;https://1iron.ru/uslugi.html
f36235125dc1;"Замена тачпада MacBook Air 13"" M1";4000;Ремонт MacBook;Цена за работу, запчасть оплачивается отдельно.;https://1iron.ru/uslugi.html
2d1e8c5c9056;"Замена тачпада MacBook Air 13"" M2";4000;Ремонт MacBook;Цена за работу, запчасть оплачивается отдельно.;https://1iron.ru/uslugi.html
e7ce0ae696db;"Замена тачпада MacBook Air 13"" M3";4000;Ремонт MacBook;Цена за работу, запчасть оплачивается отдельно.;https://1iron.ru/uslugi.html
2956b17f6641;"Замена тачпада MacBook Air 13"" M4";4000;Ремонт MacBook;Цена за работу, запчасть оплачивается отдельно.;https://1iron.ru/uslugi.html
0acd4fa7227c;"Замена тачпада MacBook Air 15"" M2–M4";4000;Ремонт MacBook;Цена за работу, запчасть оплачивается отдельно.;https://1iron.ru/uslugi.html
5e1c21efa80c;"Замена тачпада MacBook Pro 13"" M1/M2";4000;Ремонт MacBook;Цена за работу, запчасть оплачивается отдельно.;https://1iron.ru/uslugi.html
0f8527315f2b;"Замена тачпада MacBook Pro 14"" M1–M5";4000;Ремонт MacBook;Цена за работу, запчасть оплачивается отдельно.;https://1iron.ru/uslugi.html
ffbc66981a69;"Замена тачпада MacBook Pro 16"" M1–M5";4000;Ремонт MacBook;Цена за работу, запчасть оплачивается отдельно.;https://1iron.ru/uslugi.html
288efbc9f2ee;"Замена тачпада MacBook Air 11"" (2010–2015)";2000;Ремонт MacBook;Цена за работу, запчасть оплачивается отдельно.;https://1iron.ru/uslugi.html
151f447207b0;"Замена тачпада MacBook Air 13"" Intel (2010–2020)";2000;Ремонт MacBook;Цена за работу, запчасть оплачивается отдельно.;https://1iron.ru/uslugi.html
9e64f5b0a18e;"Замена тачпада MacBook Pro 13"" (2009–2015)";2000;Ремонт MacBook;Цена за работу, запчасть оплачивается отдельно.;https://1iron.ru/uslugi.html
48f7a6b38cc4;"Замена тачпада MacBook Pro 15"" (2008–2015)";2000;Ремонт MacBook;Цена за работу, запчасть оплачивается отдельно.;https://1iron.ru/uslugi.html
b565045f16c3;"Замена тачпада MacBook Pro 13"" Intel (2016–2020)";2000;Ремонт MacBook;Цена за работу, запчасть оплачивается отдельно.;https://1iron.ru/uslugi.html
4a903b792ab3;"Замена тачпада MacBook Pro 15"" Intel (2016–2019)";2000;Ремонт MacBook;Цена за работу, запчасть оплачивается отдельно.;https://1iron.ru/uslugi.html
3c43300b8371;"Замена тачпада MacBook Pro 16"" Intel (2019)";2000;Ремонт MacBook;Цена за работу, запчасть оплачивается отдельно.;https://1iron.ru/uslugi.html
bcdb940c7e5d;"Профилактика MacBook Air 13"" Intel (2010–2020)";2000;Ремонт MacBook;;https://1iron.ru/uslugi.html
715c9703e331;"Профилактика MacBook Air 13"" M1";2000;Ремонт MacBook;;https://1iron.ru/uslugi.html
3ae1594d5d76;"Профилактика MacBook Air 13"" M3";2000;Ремонт MacBook;;https://1iron.ru/uslugi.html
8f94d9a0219f;"Профилактика MacBook Pro 13"" (2009–2015)";2000;Ремонт MacBook;;https://1iron.ru/uslugi.html
f51e19fa0d2a;"Профилактика MacBook Pro 13"" Intel (2016–2020)";3000;Ремонт MacBook;;https://1iron.ru/uslugi.html
78afd8e327cf;"Профилактика MacBook Pro 13"" M1/M2";4000;Ремонт MacBook;;https://1iron.ru/uslugi.html
e60bb8d51111;"Профилактика MacBook Pro 14"" M1–M5";4500;Ремонт MacBook;;https://1iron.ru/uslugi.html
d4a8da8f4971;"Профилактика MacBook Pro 15"" (2008–2015)";3000;Ремонт MacBook;;https://1iron.ru/uslugi.html
51bd710af85a;"Профилактика MacBook Pro 15"" Intel (2016–2019)";4000;Ремонт MacBook;;https://1iron.ru/uslugi.html
84717d93b8d9;"Профилактика MacBook Pro 16"" Intel (2019)";5000;Ремонт MacBook;;https://1iron.ru/uslugi.html
0b609789bf44;"Профилактика MacBook Pro 16"" M1–M5";5000;Ремонт MacBook;;https://1iron.ru/uslugi.html
06fb77e82110;"Профилактика MacBook Air 11"" (2010–2015)";2000;Ремонт MacBook;;https://1iron.ru/uslugi.html
94554c89375d;"Профилактика MacBook Air 13"" M2";2000;Ремонт MacBook;;https://1iron.ru/uslugi.html
1094c0c24eb5;"Профилактика MacBook Air 13"" M4";2000;Ремонт MacBook;;https://1iron.ru/uslugi.html
0918ed179221;"Профилактика MacBook Air 15"" M2–M4";2000;Ремонт MacBook;;https://1iron.ru/uslugi.html
c3b9937c5e7d;"Апгрейд: диск, память, профилактика iMac 21.5"" Intel";12000;Ремонт iMac;Цена за работу, запчасть оплачивается отдельно.;https://1iron.ru/uslugi.html
305aa30896c8;"Апгрейд: диск, память, профилактика iMac 27"" Intel";15000;Ремонт iMac;Цена за работу, запчасть оплачивается отдельно.;https://1iron.ru/uslugi.html
820d9772e950;"Замена накопителя (SSD) iMac 21.5"" Intel";10000;Ремонт iMac;Цена за работу, запчасть оплачивается отдельно.;https://1iron.ru/uslugi.html
0edd12d288cc;"Замена накопителя (SSD) iMac 27"" Intel";14000;Ремонт iMac;Цена за работу, запчасть оплачивается отдельно.;https://1iron.ru/uslugi.html
aa75310cc8ce;"Профилактика iMac 24"" M1 и новее";14000;Ремонт iMac;;https://1iron.ru/uslugi.html
887cfc6689c8;Замена аккумулятора Apple Watch;3500;Ремонт Apple Watch;;https://1iron.ru/uslugi.html
fa959a7b7971;Замена стекла Apple Watch Ultra;8500;Ремонт Apple Watch;;https://1iron.ru/uslugi.html
6b4d2d0120e3;Замена стекла Apple Watch;3500;Ремонт Apple Watch;;https://1iron.ru/uslugi.html
fc05d63afc17;Полировка стекла Apple Watch Ultra;6000;Ремонт Apple Watch;;https://1iron.ru/uslugi.html
616e90ce26a7;Полировка стекла Apple Watch;3000;Ремонт Apple Watch;;https://1iron.ru/uslugi.html
